lebel_type	dis_co_occu	dis_pos	dis_neg	ran_ds_no	best_l1_ratio	best_C	best_cv_train_balanced_accuracy	test_balanced_accuracy
ori_leb	Karyotype	304	95	0	0.1	0.2	0.888	0.885
shuff_leb	Karyotype	304	95	0	0.9	0.2	0.484	0.483
ori_leb	Karyotype	304	95	1	0.1	1.0	0.878	0.861
shuff_leb	Karyotype	304	95	1	0.8	0.2	0.56	0.491
ori_leb	Karyotype	304	95	2	0.6	0.6	0.885	0.893
shuff_leb	Karyotype	304	95	2	0.1	0.001	0.465	0.5
ori_leb	Karyotype	304	95	3	0.6	0.4	0.906	0.869
shuff_leb	Karyotype	304	95	3	0.1	0.001	0.475	0.5
ori_leb	Karyotype	304	95	4	0.4	0.2	0.897	0.902
shuff_leb	Karyotype	304	95	4	0.2	0.4	0.542	0.503
ori_leb	Karyotype	304	95	5	0.4	0.2	0.865	0.877
shuff_leb	Karyotype	304	95	5	0.8	100.0	0.555	0.476
ori_leb	Karyotype	304	95	6	0.8	0.2	0.867	0.885
shuff_leb	Karyotype	304	95	6	0.8	1000.0	0.469	0.45
ori_leb	Karyotype	304	95	7	0.2	0.2	0.876	0.918
shuff_leb	Karyotype	304	95	7	0.1	0.001	0.49	0.5
ori_leb	Karyotype	304	95	8	0.2	0.1	0.878	0.902
shuff_leb	Karyotype	304	95	8	0.6	0.1	0.514	0.578
ori_leb	Karyotype	304	95	9	0.1	0.1	0.898	0.885
shuff_leb	Karyotype	304	95	9	0.6	1000.0	0.5	0.415
ori_leb	Karyotype	304	95	10	0.2	0.4	0.892	0.861
shuff_leb	Karyotype	304	95	10	0.1	1000.0	0.537	0.458
ori_leb	Karyotype	304	95	11	0.4	0.4	0.896	0.869
shuff_leb	Karyotype	304	95	11	0.6	10.0	0.503	0.535
ori_leb	Karyotype	304	95	12	0.1	1.0	0.885	0.861
shuff_leb	Karyotype	304	95	12	0.4	0.2	0.505	0.504
ori_leb	Karyotype	304	95	13	0.2	0.1	0.871	0.902
shuff_leb	Karyotype	304	95	13	0.1	0.001	0.468	0.5
ori_leb	Karyotype	304	95	14	0.9	1.0	0.898	0.885
shuff_leb	Karyotype	304	95	14	0.9	0.2	0.462	0.391
ori_leb	Karyotype	304	95	15	0.2	0.6	0.888	0.861
shuff_leb	Karyotype	304	95	15	0.4	0.2	0.519	0.466
ori_leb	Karyotype	304	95	16	0.4	0.4	0.885	0.934
shuff_leb	Karyotype	304	95	16	0.9	0.4	0.521	0.443
ori_leb	Karyotype	304	95	17	0.6	0.4	0.875	0.926
shuff_leb	Karyotype	304	95	17	0.4	0.6	0.559	0.486
ori_leb	Karyotype	304	95	18	0.1	0.1	0.876	0.926
shuff_leb	Karyotype	304	95	18	0.6	0.2	0.562	0.509
ori_leb	Karyotype	304	95	19	0.4	0.2	0.878	0.902
shuff_leb	Karyotype	304	95	19	0.1	0.001	0.426	0.5
ori_leb	Karyotype	304	95	20	0.8	0.2	0.867	0.934
shuff_leb	Karyotype	304	95	20	0.8	0.1	0.494	0.414
ori_leb	Karyotype	304	95	21	0.9	0.2	0.878	0.874
shuff_leb	Karyotype	304	95	21	0.8	0.2	0.509	0.511
ori_leb	Karyotype	304	95	22	0.9	0.4	0.867	0.902
shuff_leb	Karyotype	304	95	22	0.2	0.1	0.478	0.422
ori_leb	Karyotype	304	95	23	0.4	0.4	0.875	0.885
shuff_leb	Karyotype	304	95	23	0.1	0.001	0.453	0.5
ori_leb	Karyotype	304	95	24	0.4	0.2	0.878	0.951
shuff_leb	Karyotype	304	95	24	0.1	0.001	0.494	0.5
ori_leb	Karyotype	304	95	25	0.2	0.1	0.888	0.861
shuff_leb	Karyotype	304	95	25	0.9	0.1	0.478	0.539
ori_leb	Karyotype	304	95	26	0.6	0.4	0.887	0.877
shuff_leb	Karyotype	304	95	26	0.8	100.0	0.499	0.494
ori_leb	Karyotype	304	95	27	0.4	0.4	0.906	0.91
shuff_leb	Karyotype	304	95	27	0.8	0.2	0.527	0.545
ori_leb	Karyotype	304	95	28	0.2	0.4	0.88	0.893
shuff_leb	Karyotype	304	95	28	0.4	0.1	0.504	0.433
ori_leb	Karyotype	304	95	29	0.1	0.4	0.88	0.934
shuff_leb	Karyotype	304	95	29	0.1	0.1	0.542	0.34
ori_leb	Karyotype	304	95	30	0.8	0.2	0.865	0.916
shuff_leb	Karyotype	304	95	30	0.4	10.0	0.501	0.466
ori_leb	Karyotype	304	95	31	0.6	0.6	0.878	0.893
shuff_leb	Karyotype	304	95	31	0.4	0.1	0.514	0.493
ori_leb	Karyotype	304	95	32	0.8	1.0	0.885	0.918
shuff_leb	Karyotype	304	95	32	0.9	0.1	0.488	0.44
ori_leb	Karyotype	304	95	33	0.6	0.2	0.885	0.902
shuff_leb	Karyotype	304	95	33	0.1	0.001	0.465	0.5
ori_leb	Karyotype	304	95	34	0.4	0.6	0.866	0.943
shuff_leb	Karyotype	304	95	34	0.9	0.2	0.5	0.55
ori_leb	Karyotype	304	95	35	0.6	0.1	0.865	0.875
shuff_leb	Karyotype	304	95	35	0.1	0.001	0.476	0.5
ori_leb	Karyotype	304	95	36	0.4	0.2	0.881	0.902
shuff_leb	Karyotype	304	95	36	0.6	0.1	0.537	0.475
ori_leb	Karyotype	304	95	37	0.4	0.1	0.867	0.836
shuff_leb	Karyotype	304	95	37	0.2	1.0	0.494	0.629
ori_leb	Karyotype	304	95	38	0.8	0.6	0.901	0.902
shuff_leb	Karyotype	304	95	38	0.9	0.1	0.5	0.542
ori_leb	Karyotype	304	95	39	0.4	0.1	0.854	0.918
shuff_leb	Karyotype	304	95	39	0.8	0.1	0.501	0.558
ori_leb	Karyotype	304	95	40	0.6	0.4	0.872	0.926
shuff_leb	Karyotype	304	95	40	0.1	1000.0	0.496	0.517
ori_leb	Karyotype	304	95	41	0.6	0.6	0.876	0.926
shuff_leb	Karyotype	304	95	41	0.9	0.1	0.509	0.468
ori_leb	Karyotype	304	95	42	0.4	0.2	0.885	0.877
shuff_leb	Karyotype	304	95	42	0.1	0.2	0.55	0.544
ori_leb	Karyotype	304	95	43	0.6	1.0	0.891	0.926
shuff_leb	Karyotype	304	95	43	0.1	0.001	0.486	0.5
ori_leb	Karyotype	304	95	44	0.6	0.4	0.898	0.902
shuff_leb	Karyotype	304	95	44	0.1	0.2	0.468	0.473
ori_leb	Karyotype	304	95	45	0.4	0.2	0.891	0.934
shuff_leb	Karyotype	304	95	45	0.1	0.001	0.5	0.5
ori_leb	Karyotype	304	95	46	0.4	0.2	0.867	0.902
shuff_leb	Karyotype	304	95	46	0.4	0.4	0.466	0.529
ori_leb	Karyotype	304	95	47	0.8	0.2	0.888	0.893
shuff_leb	Karyotype	304	95	47	0.6	10.0	0.458	0.522
ori_leb	Karyotype	304	95	48	0.2	1.0	0.881	0.885
shuff_leb	Karyotype	304	95	48	0.1	0.001	0.481	0.5
ori_leb	Karyotype	304	95	49	0.9	0.2	0.887	0.893
shuff_leb	Karyotype	304	95	49	0.8	0.1	0.504	0.552
ori_leb	Karyotype	304	95	50	0.8	0.6	0.898	0.902
shuff_leb	Karyotype	304	95	50	0.1	0.001	0.455	0.5
ori_leb	Karyotype	304	95	51	0.1	0.2	0.908	0.885
shuff_leb	Karyotype	304	95	51	0.1	0.1	0.568	0.476
ori_leb	Karyotype	304	95	52	0.9	0.4	0.888	0.951
shuff_leb	Karyotype	304	95	52	0.6	0.1	0.519	0.476
ori_leb	Karyotype	304	95	53	0.6	0.4	0.902	0.885
shuff_leb	Karyotype	304	95	53	0.9	0.4	0.514	0.407
ori_leb	Karyotype	304	95	54	0.4	0.2	0.885	0.918
shuff_leb	Karyotype	304	95	54	0.9	0.2	0.49	0.501
ori_leb	Karyotype	304	95	55	0.9	1.0	0.867	0.869
shuff_leb	Karyotype	304	95	55	0.1	0.001	0.458	0.5
ori_leb	Karyotype	304	95	56	0.6	0.4	0.892	0.877
shuff_leb	Karyotype	304	95	56	0.6	100.0	0.534	0.57
ori_leb	Karyotype	304	95	57	0.2	0.1	0.871	0.918
shuff_leb	Karyotype	304	95	57	0.2	0.2	0.63	0.443
ori_leb	Karyotype	304	95	58	0.8	0.6	0.885	0.943
shuff_leb	Karyotype	304	95	58	0.4	0.1	0.476	0.396
ori_leb	Karyotype	304	95	59	0.1	0.1	0.898	0.893
shuff_leb	Karyotype	304	95	59	0.1	1.0	0.532	0.406
ori_leb	Karyotype	304	95	60	0.4	0.6	0.878	0.885
shuff_leb	Karyotype	304	95	60	0.8	100.0	0.535	0.582
ori_leb	Karyotype	304	95	61	0.2	0.1	0.887	0.875
shuff_leb	Karyotype	304	95	61	0.1	0.1	0.491	0.32
ori_leb	Karyotype	304	95	62	0.2	0.2	0.888	0.893
shuff_leb	Karyotype	304	95	62	0.1	1000.0	0.494	0.399
ori_leb	Karyotype	304	95	63	0.9	0.6	0.892	0.943
shuff_leb	Karyotype	304	95	63	0.1	0.001	0.44	0.5
ori_leb	Karyotype	304	95	64	0.8	0.4	0.881	0.926
shuff_leb	Karyotype	304	95	64	0.2	0.4	0.635	0.67
ori_leb	Karyotype	304	95	65	0.9	0.4	0.896	0.918
shuff_leb	Karyotype	304	95	65	0.8	0.1	0.478	0.484
ori_leb	Karyotype	304	95	66	0.4	0.6	0.865	0.918
shuff_leb	Karyotype	304	95	66	0.1	0.2	0.533	0.466
ori_leb	Karyotype	304	95	67	0.1	0.6	0.878	0.926
shuff_leb	Karyotype	304	95	67	0.8	10.0	0.512	0.397
ori_leb	Karyotype	304	95	68	0.6	0.6	0.888	0.893
shuff_leb	Karyotype	304	95	68	0.1	0.001	0.455	0.5
ori_leb	Karyotype	304	95	69	0.8	0.4	0.888	0.885
shuff_leb	Karyotype	304	95	69	0.1	0.001	0.476	0.5
ori_leb	Karyotype	304	95	70	0.2	0.1	0.865	0.91
shuff_leb	Karyotype	304	95	70	0.8	0.1	0.5	0.422
ori_leb	Karyotype	304	95	71	0.6	1.0	0.867	0.91
shuff_leb	Karyotype	304	95	71	0.6	0.1	0.437	0.501
ori_leb	Karyotype	304	95	72	0.1	0.2	0.896	0.893
shuff_leb	Karyotype	304	95	72	0.1	0.001	0.469	0.5
ori_leb	Karyotype	304	95	73	0.9	0.6	0.865	0.918
shuff_leb	Karyotype	304	95	73	0.9	100.0	0.501	0.59
ori_leb	Karyotype	304	95	74	0.4	0.6	0.896	0.877
shuff_leb	Karyotype	304	95	74	0.9	0.1	0.431	0.404
ori_leb	Karyotype	304	95	75	0.8	0.6	0.888	0.918
shuff_leb	Karyotype	304	95	75	0.8	0.6	0.483	0.547
ori_leb	Karyotype	304	95	76	0.4	0.2	0.871	0.926
shuff_leb	Karyotype	304	95	76	0.1	0.001	0.438	0.5
ori_leb	Karyotype	304	95	77	0.4	0.6	0.896	0.918
shuff_leb	Karyotype	304	95	77	0.6	0.2	0.481	0.486
ori_leb	Karyotype	304	95	78	0.9	1.0	0.878	0.852
shuff_leb	Karyotype	304	95	78	0.9	0.1	0.511	0.396
ori_leb	Karyotype	304	95	79	0.6	0.2	0.878	0.851
shuff_leb	Karyotype	304	95	79	0.6	0.1	0.49	0.517
ori_leb	Karyotype	304	95	80	0.6	0.6	0.866	0.844
shuff_leb	Karyotype	304	95	80	0.8	0.1	0.543	0.555
ori_leb	Karyotype	304	95	81	0.1	0.2	0.887	0.902
shuff_leb	Karyotype	304	95	81	0.9	0.1	0.5	0.483
ori_leb	Karyotype	304	95	82	0.9	0.4	0.888	0.861
shuff_leb	Karyotype	304	95	82	0.4	0.2	0.481	0.399
ori_leb	Karyotype	304	95	83	0.4	1.0	0.902	0.902
shuff_leb	Karyotype	304	95	83	0.4	0.4	0.552	0.452
ori_leb	Karyotype	304	95	84	0.4	0.1	0.866	0.934
shuff_leb	Karyotype	304	95	84	0.9	0.1	0.515	0.491
ori_leb	Karyotype	304	95	85	0.9	0.6	0.896	0.885
shuff_leb	Karyotype	304	95	85	0.6	0.1	0.511	0.667
ori_leb	Karyotype	304	95	86	0.8	0.6	0.883	0.852
shuff_leb	Karyotype	304	95	86	0.8	0.6	0.498	0.452
ori_leb	Karyotype	304	95	87	0.2	0.1	0.856	0.951
shuff_leb	Karyotype	304	95	87	0.1	0.001	0.468	0.5
ori_leb	Karyotype	304	95	88	0.9	0.6	0.878	0.877
shuff_leb	Karyotype	304	95	88	0.8	0.1	0.481	0.422
ori_leb	Karyotype	304	95	89	0.9	0.6	0.866	0.902
shuff_leb	Karyotype	304	95	89	0.9	0.4	0.491	0.501
ori_leb	Karyotype	304	95	90	0.9	0.2	0.857	0.934
shuff_leb	Karyotype	304	95	90	0.6	1000.0	0.506	0.542
ori_leb	Karyotype	304	95	91	0.6	0.2	0.865	0.869
shuff_leb	Karyotype	304	95	91	0.9	1.0	0.548	0.369
ori_leb	Karyotype	304	95	92	0.4	0.2	0.875	0.877
shuff_leb	Karyotype	304	95	92	0.1	0.001	0.444	0.5
ori_leb	Karyotype	304	95	93	0.2	0.2	0.883	0.902
shuff_leb	Karyotype	304	95	93	0.9	0.1	0.518	0.43
ori_leb	Karyotype	304	95	94	0.1	0.4	0.888	0.877
shuff_leb	Karyotype	304	95	94	0.1	0.4	0.491	0.511
ori_leb	Karyotype	304	95	95	0.9	1.0	0.866	0.91
shuff_leb	Karyotype	304	95	95	0.1	0.1	0.512	0.539
ori_leb	Karyotype	304	95	96	0.6	0.4	0.867	0.893
shuff_leb	Karyotype	304	95	96	0.6	0.1	0.494	0.448
ori_leb	Karyotype	304	95	97	0.6	0.4	0.857	0.934
shuff_leb	Karyotype	304	95	97	0.1	1000.0	0.588	0.519
ori_leb	Karyotype	304	95	98	0.6	1000.0	0.883	0.885
shuff_leb	Karyotype	304	95	98	0.4	0.2	0.491	0.458
ori_leb	Karyotype	304	95	99	0.9	0.4	0.871	0.902
shuff_leb	Karyotype	304	95	99	0.9	0.1	0.499	0.511
ori_leb	Karyotype	304	95	100	0.4	10.0	0.896	0.902
shuff_leb	Karyotype	304	95	100	0.1	0.001	0.476	0.5
ori_leb	Karyotype	304	95	101	0.4	0.6	0.885	0.91
shuff_leb	Karyotype	304	95	101	0.2	10.0	0.507	0.475
ori_leb	Karyotype	304	95	102	0.1	0.2	0.878	0.926
shuff_leb	Karyotype	304	95	102	0.9	0.2	0.49	0.478
ori_leb	Karyotype	304	95	103	0.2	0.2	0.878	0.918
shuff_leb	Karyotype	304	95	103	0.1	100.0	0.535	0.452
ori_leb	Karyotype	304	95	104	0.8	0.4	0.911	0.893
shuff_leb	Karyotype	304	95	104	0.8	0.1	0.474	0.516
ori_leb	Karyotype	304	95	105	0.1	0.1	0.888	0.893
shuff_leb	Karyotype	304	95	105	0.4	0.2	0.552	0.588
ori_leb	Karyotype	304	95	106	0.2	0.1	0.898	0.893
shuff_leb	Karyotype	304	95	106	0.9	0.1	0.5	0.558
ori_leb	Karyotype	304	95	107	0.4	0.2	0.875	0.869
shuff_leb	Karyotype	304	95	107	0.6	0.1	0.481	0.552
ori_leb	Karyotype	304	95	108	0.8	0.6	0.875	0.893
shuff_leb	Karyotype	304	95	108	0.1	0.001	0.434	0.5
ori_leb	Karyotype	304	95	109	0.6	0.2	0.865	0.934
shuff_leb	Karyotype	304	95	109	0.1	0.001	0.456	0.5
ori_leb	Karyotype	304	95	110	0.4	0.1	0.867	0.834
shuff_leb	Karyotype	304	95	110	0.6	1.0	0.581	0.425
ori_leb	Karyotype	304	95	111	0.9	0.4	0.881	0.902
shuff_leb	Karyotype	304	95	111	0.6	10.0	0.564	0.484
ori_leb	Karyotype	304	95	112	0.4	0.1	0.867	0.91
shuff_leb	Karyotype	304	95	112	0.8	0.1	0.507	0.499
ori_leb	Karyotype	304	95	113	0.9	0.6	0.888	0.885
shuff_leb	Karyotype	304	95	113	0.1	0.001	0.496	0.5
ori_leb	Karyotype	304	95	114	0.8	0.6	0.883	0.893
shuff_leb	Karyotype	304	95	114	0.1	10.0	0.49	0.435
ori_leb	Karyotype	304	95	115	0.9	0.4	0.887	0.893
shuff_leb	Karyotype	304	95	115	0.8	0.1	0.522	0.568
ori_leb	Karyotype	304	95	116	0.2	0.2	0.885	0.902
shuff_leb	Karyotype	304	95	116	0.1	0.001	0.485	0.5
ori_leb	Karyotype	304	95	117	0.2	0.1	0.875	0.902
shuff_leb	Karyotype	304	95	117	0.1	0.001	0.466	0.5
ori_leb	Karyotype	304	95	118	0.1	0.2	0.917	0.902
shuff_leb	Karyotype	304	95	118	0.6	0.1	0.504	0.45
ori_leb	Karyotype	304	95	119	0.2	0.6	0.897	0.934
shuff_leb	Karyotype	304	95	119	0.1	0.001	0.409	0.5
ori_leb	Karyotype	304	95	120	0.8	0.6	0.885	0.918
shuff_leb	Karyotype	304	95	120	0.6	0.1	0.573	0.338
ori_leb	Karyotype	304	95	121	0.9	1.0	0.866	0.918
shuff_leb	Karyotype	304	95	121	0.1	1000.0	0.531	0.424
ori_leb	Karyotype	304	95	122	0.4	0.2	0.875	0.902
shuff_leb	Karyotype	304	95	122	0.4	0.2	0.562	0.563
ori_leb	Karyotype	304	95	123	0.4	0.4	0.898	0.893
shuff_leb	Karyotype	304	95	123	0.8	10.0	0.504	0.486
ori_leb	Karyotype	304	95	124	0.6	0.2	0.865	0.893
shuff_leb	Karyotype	304	95	124	0.1	0.001	0.448	0.5
ori_leb	Karyotype	304	95	125	0.8	0.4	0.888	0.902
shuff_leb	Karyotype	304	95	125	0.1	0.001	0.426	0.5
ori_leb	Karyotype	304	95	126	0.9	1.0	0.898	0.91
shuff_leb	Karyotype	304	95	126	0.8	0.1	0.527	0.519
ori_leb	Karyotype	304	95	127	0.9	0.4	0.897	0.885
shuff_leb	Karyotype	304	95	127	0.1	1000.0	0.484	0.363
ori_leb	Karyotype	304	95	128	0.4	0.4	0.897	0.926
shuff_leb	Karyotype	304	95	128	0.8	0.4	0.545	0.501
ori_leb	Karyotype	304	95	129	0.8	0.6	0.898	0.893
shuff_leb	Karyotype	304	95	129	0.1	0.1	0.517	0.361
ori_leb	Karyotype	304	95	130	0.4	0.2	0.888	0.885
shuff_leb	Karyotype	304	95	130	0.9	0.1	0.502	0.511
ori_leb	Karyotype	304	95	131	0.1	0.4	0.896	0.852
shuff_leb	Karyotype	304	95	131	0.8	0.1	0.49	0.529
ori_leb	Karyotype	304	95	132	0.2	0.1	0.859	0.91
shuff_leb	Karyotype	304	95	132	0.4	10.0	0.487	0.563
ori_leb	Karyotype	304	95	133	0.9	100.0	0.891	0.869
shuff_leb	Karyotype	304	95	133	0.9	1.0	0.506	0.468
ori_leb	Karyotype	304	95	134	0.9	0.4	0.878	0.893
shuff_leb	Karyotype	304	95	134	0.1	0.001	0.478	0.5
ori_leb	Karyotype	304	95	135	0.6	0.6	0.898	0.902
shuff_leb	Karyotype	304	95	135	0.2	0.4	0.546	0.547
ori_leb	Karyotype	304	95	136	0.4	0.1	0.856	0.926
shuff_leb	Karyotype	304	95	136	0.8	0.1	0.496	0.655
ori_leb	Karyotype	304	95	137	0.8	1.0	0.896	0.844
shuff_leb	Karyotype	304	95	137	0.1	0.2	0.498	0.484
ori_leb	Karyotype	304	95	138	0.6	0.4	0.875	0.926
shuff_leb	Karyotype	304	95	138	0.1	0.001	0.488	0.5
ori_leb	Karyotype	304	95	139	0.2	0.2	0.867	0.91
shuff_leb	Karyotype	304	95	139	0.8	10.0	0.5	0.534
ori_leb	Karyotype	304	95	140	0.2	0.4	0.883	0.885
shuff_leb	Karyotype	304	95	140	0.1	1000.0	0.476	0.499
ori_leb	Karyotype	304	95	141	0.6	0.1	0.865	0.869
shuff_leb	Karyotype	304	95	141	0.1	1.0	0.555	0.45
ori_leb	Karyotype	304	95	142	0.9	10.0	0.876	0.902
shuff_leb	Karyotype	304	95	142	0.1	0.001	0.455	0.5
ori_leb	Karyotype	304	95	143	0.4	1.0	0.907	0.828
shuff_leb	Karyotype	304	95	143	0.8	0.6	0.514	0.437
ori_leb	Karyotype	304	95	144	0.2	0.2	0.865	0.934
shuff_leb	Karyotype	304	95	144	0.1	0.001	0.439	0.5
ori_leb	Karyotype	304	95	145	0.2	0.1	0.887	0.893
shuff_leb	Karyotype	304	95	145	0.9	0.1	0.468	0.481
ori_leb	Karyotype	304	95	146	0.6	0.6	0.871	0.918
shuff_leb	Karyotype	304	95	146	0.1	0.001	0.463	0.5
ori_leb	Karyotype	304	95	147	0.4	10.0	0.885	0.844
shuff_leb	Karyotype	304	95	147	0.1	0.001	0.459	0.5
ori_leb	Karyotype	304	95	148	0.9	0.4	0.878	0.885
shuff_leb	Karyotype	304	95	148	0.1	100.0	0.501	0.452
ori_leb	Karyotype	304	95	149	0.8	0.6	0.875	0.918
shuff_leb	Karyotype	304	95	149	0.1	1.0	0.59	0.582
ori_leb	Karyotype	304	95	150	0.2	0.1	0.878	0.885
shuff_leb	Karyotype	304	95	150	0.9	0.2	0.54	0.519
ori_leb	Karyotype	304	95	151	0.6	0.4	0.898	0.918
shuff_leb	Karyotype	304	95	151	0.4	0.6	0.488	0.594
ori_leb	Karyotype	304	95	152	0.4	0.6	0.887	0.918
shuff_leb	Karyotype	304	95	152	0.1	0.001	0.431	0.5
ori_leb	Karyotype	304	95	153	0.8	0.2	0.888	0.892
shuff_leb	Karyotype	304	95	153	0.1	100.0	0.564	0.462
ori_leb	Karyotype	304	95	154	0.8	0.2	0.854	0.843
shuff_leb	Karyotype	304	95	154	0.1	0.001	0.489	0.5
ori_leb	Karyotype	304	95	155	0.4	0.2	0.875	0.877
shuff_leb	Karyotype	304	95	155	0.1	1000.0	0.49	0.503
ori_leb	Karyotype	304	95	156	0.1	0.2	0.878	0.943
shuff_leb	Karyotype	304	95	156	0.6	0.1	0.481	0.475
ori_leb	Karyotype	304	95	157	0.8	0.2	0.865	0.943
shuff_leb	Karyotype	304	95	157	0.2	0.4	0.542	0.503
ori_leb	Karyotype	304	95	158	0.9	0.4	0.885	0.91
shuff_leb	Karyotype	304	95	158	0.8	0.2	0.547	0.578
ori_leb	Karyotype	304	95	159	0.2	0.4	0.885	0.877
shuff_leb	Karyotype	304	95	159	0.8	0.1	0.495	0.46
ori_leb	Karyotype	304	95	160	0.8	1.0	0.885	0.893
shuff_leb	Karyotype	304	95	160	0.8	100.0	0.45	0.46
ori_leb	Karyotype	304	95	161	0.6	0.1	0.866	0.875
shuff_leb	Karyotype	304	95	161	0.1	0.001	0.49	0.5
ori_leb	Karyotype	304	95	162	0.6	0.2	0.885	0.885
shuff_leb	Karyotype	304	95	162	0.1	0.001	0.436	0.5
ori_leb	Karyotype	304	95	163	0.4	0.6	0.878	0.828
shuff_leb	Karyotype	304	95	163	0.4	0.4	0.492	0.621
ori_leb	Karyotype	304	95	164	0.9	0.4	0.881	0.918
shuff_leb	Karyotype	304	95	164	0.4	0.4	0.508	0.476
ori_leb	Karyotype	304	95	165	0.1	0.1	0.908	0.861
shuff_leb	Karyotype	304	95	165	0.1	0.001	0.461	0.5
ori_leb	Karyotype	304	95	166	0.4	0.1	0.888	0.918
shuff_leb	Karyotype	304	95	166	0.2	0.2	0.5	0.458
ori_leb	Karyotype	304	95	167	0.9	0.6	0.888	0.893
shuff_leb	Karyotype	304	95	167	0.8	1.0	0.625	0.586
ori_leb	Karyotype	304	95	168	0.8	1.0	0.887	0.902
shuff_leb	Karyotype	304	95	168	0.6	10.0	0.577	0.47
ori_leb	Karyotype	304	95	169	0.6	0.4	0.867	0.926
shuff_leb	Karyotype	304	95	169	0.2	0.2	0.524	0.452
ori_leb	Karyotype	304	95	170	0.4	0.1	0.876	0.852
shuff_leb	Karyotype	304	95	170	0.4	1000.0	0.56	0.56
ori_leb	Karyotype	304	95	171	0.8	0.2	0.871	0.925
shuff_leb	Karyotype	304	95	171	0.1	0.001	0.392	0.5
ori_leb	Karyotype	304	95	172	0.4	0.1	0.875	0.902
shuff_leb	Karyotype	304	95	172	0.9	0.1	0.5	0.527
ori_leb	Karyotype	304	95	173	0.2	0.6	0.875	0.91
shuff_leb	Karyotype	304	95	173	0.9	0.1	0.453	0.57
ori_leb	Karyotype	304	95	174	0.2	0.2	0.897	0.885
shuff_leb	Karyotype	304	95	174	0.4	0.2	0.46	0.483
ori_leb	Karyotype	304	95	175	0.1	0.2	0.876	0.943
shuff_leb	Karyotype	304	95	175	0.6	0.2	0.542	0.432
ori_leb	Karyotype	304	95	176	0.8	0.6	0.888	0.843
shuff_leb	Karyotype	304	95	176	0.4	1000.0	0.506	0.519
ori_leb	Karyotype	304	95	177	0.1	0.6	0.885	0.91
shuff_leb	Karyotype	304	95	177	0.2	0.1	0.5	0.456
ori_leb	Karyotype	304	95	178	0.9	0.6	0.875	0.918
shuff_leb	Karyotype	304	95	178	0.8	1000.0	0.56	0.624
ori_leb	Karyotype	304	95	179	0.6	0.4	0.885	0.893
shuff_leb	Karyotype	304	95	179	0.1	1000.0	0.501	0.537
ori_leb	Karyotype	304	95	180	0.2	0.2	0.875	0.943
shuff_leb	Karyotype	304	95	180	0.1	0.001	0.468	0.5
ori_leb	Karyotype	304	95	181	0.9	0.4	0.881	0.877
shuff_leb	Karyotype	304	95	181	0.8	0.1	0.473	0.394
ori_leb	Karyotype	304	95	182	0.9	1.0	0.875	0.902
shuff_leb	Karyotype	304	95	182	0.1	0.001	0.483	0.5
ori_leb	Karyotype	304	95	183	0.4	0.1	0.865	0.926
shuff_leb	Karyotype	304	95	183	0.8	0.6	0.499	0.519
ori_leb	Karyotype	304	95	184	0.9	10.0	0.888	0.869
shuff_leb	Karyotype	304	95	184	0.4	0.1	0.519	0.525
ori_leb	Karyotype	304	95	185	0.4	0.4	0.876	0.926
shuff_leb	Karyotype	304	95	185	0.2	0.1	0.519	0.455
ori_leb	Karyotype	304	95	186	0.1	0.1	0.865	0.902
shuff_leb	Karyotype	304	95	186	0.4	1.0	0.515	0.59
ori_leb	Karyotype	304	95	187	0.1	0.1	0.885	0.861
shuff_leb	Karyotype	304	95	187	0.9	0.4	0.488	0.387
ori_leb	Karyotype	304	95	188	0.6	1.0	0.888	0.91
shuff_leb	Karyotype	304	95	188	0.1	0.2	0.562	0.267
ori_leb	Karyotype	304	95	189	0.6	0.6	0.883	0.918
shuff_leb	Karyotype	304	95	189	0.2	1000.0	0.555	0.588
ori_leb	Karyotype	304	95	190	0.2	0.4	0.887	0.893
shuff_leb	Karyotype	304	95	190	0.1	100.0	0.5	0.452
ori_leb	Karyotype	304	95	191	0.4	0.1	0.856	0.91
shuff_leb	Karyotype	304	95	191	0.4	0.1	0.484	0.404
ori_leb	Karyotype	304	95	192	0.9	0.4	0.881	0.885
shuff_leb	Karyotype	304	95	192	0.1	0.001	0.474	0.5
ori_leb	Karyotype	304	95	193	0.9	0.4	0.898	0.893
shuff_leb	Karyotype	304	95	193	0.2	1000.0	0.522	0.547
ori_leb	Karyotype	304	95	194	0.1	0.2	0.878	0.91
shuff_leb	Karyotype	304	95	194	0.1	1000.0	0.488	0.483
ori_leb	Karyotype	304	95	195	0.4	0.4	0.865	0.861
shuff_leb	Karyotype	304	95	195	0.1	0.001	0.503	0.5
ori_leb	Karyotype	304	95	196	0.8	0.6	0.878	0.91
shuff_leb	Karyotype	304	95	196	0.1	1000.0	0.519	0.476
ori_leb	Karyotype	304	95	197	0.4	0.2	0.875	0.91
shuff_leb	Karyotype	304	95	197	0.8	0.6	0.5	0.44
ori_leb	Karyotype	304	95	198	0.2	0.2	0.864	0.893
shuff_leb	Karyotype	304	95	198	0.1	0.001	0.479	0.5
ori_leb	Karyotype	304	95	199	0.8	1.0	0.883	0.844
shuff_leb	Karyotype	304	95	199	0.1	0.4	0.52	0.468
ori_leb	Karyotype	304	95	200	0.8	0.4	0.883	0.91
shuff_leb	Karyotype	304	95	200	0.6	0.2	0.476	0.57
ori_leb	Karyotype	304	95	201	0.9	0.6	0.898	0.893
shuff_leb	Karyotype	304	95	201	0.9	0.1	0.535	0.519
ori_leb	Karyotype	304	95	202	0.9	1.0	0.878	0.934
shuff_leb	Karyotype	304	95	202	0.8	10.0	0.532	0.583
ori_leb	Karyotype	304	95	203	0.1	0.1	0.885	0.836
shuff_leb	Karyotype	304	95	203	0.1	0.2	0.5	0.535
ori_leb	Karyotype	304	95	204	0.6	0.6	0.892	0.869
shuff_leb	Karyotype	304	95	204	0.4	0.1	0.543	0.46
ori_leb	Karyotype	304	95	205	0.1	0.2	0.867	0.951
shuff_leb	Karyotype	304	95	205	0.6	0.2	0.512	0.555
ori_leb	Karyotype	304	95	206	0.6	1.0	0.888	0.91
shuff_leb	Karyotype	304	95	206	0.1	0.2	0.521	0.519
ori_leb	Karyotype	304	95	207	0.2	0.4	0.878	0.951
shuff_leb	Karyotype	304	95	207	0.4	0.1	0.528	0.532
ori_leb	Karyotype	304	95	208	0.1	0.1	0.871	0.91
shuff_leb	Karyotype	304	95	208	0.4	1000.0	0.527	0.562
ori_leb	Karyotype	304	95	209	0.8	0.6	0.908	0.91
shuff_leb	Karyotype	304	95	209	0.1	1000.0	0.462	0.586
ori_leb	Karyotype	304	95	210	0.1	0.1	0.867	0.926
shuff_leb	Karyotype	304	95	210	0.2	1000.0	0.5	0.575
ori_leb	Karyotype	304	95	211	0.8	0.2	0.867	0.91
shuff_leb	Karyotype	304	95	211	0.9	0.4	0.468	0.511
ori_leb	Karyotype	304	95	212	0.9	0.4	0.908	0.867
shuff_leb	Karyotype	304	95	212	0.6	1.0	0.509	0.424
ori_leb	Karyotype	304	95	213	0.6	0.2	0.878	0.91
shuff_leb	Karyotype	304	95	213	0.1	1000.0	0.578	0.46
ori_leb	Karyotype	304	95	214	0.8	0.4	0.885	0.836
shuff_leb	Karyotype	304	95	214	0.6	0.4	0.499	0.614
ori_leb	Karyotype	304	95	215	0.4	0.4	0.897	0.918
shuff_leb	Karyotype	304	95	215	0.6	0.6	0.544	0.521
ori_leb	Karyotype	304	95	216	0.4	0.4	0.908	0.893
shuff_leb	Karyotype	304	95	216	0.6	100.0	0.5	0.503
ori_leb	Karyotype	304	95	217	0.6	0.4	0.885	0.902
shuff_leb	Karyotype	304	95	217	0.6	0.2	0.511	0.438
ori_leb	Karyotype	304	95	218	0.1	0.1	0.896	0.852
shuff_leb	Karyotype	304	95	218	0.6	0.1	0.499	0.58
ori_leb	Karyotype	304	95	219	0.9	0.4	0.876	0.918
shuff_leb	Karyotype	304	95	219	0.6	0.1	0.504	0.466
ori_leb	Karyotype	304	95	220	0.6	1.0	0.876	0.893
shuff_leb	Karyotype	304	95	220	0.9	0.1	0.506	0.484
ori_leb	Karyotype	304	95	221	0.9	0.2	0.888	0.885
shuff_leb	Karyotype	304	95	221	0.1	0.001	0.5	0.5
ori_leb	Karyotype	304	95	222	0.4	0.1	0.865	0.902
shuff_leb	Karyotype	304	95	222	0.1	0.001	0.476	0.5
ori_leb	Karyotype	304	95	223	0.4	0.2	0.888	0.877
shuff_leb	Karyotype	304	95	223	0.1	0.001	0.427	0.5
ori_leb	Karyotype	304	95	224	0.8	0.6	0.875	0.902
shuff_leb	Karyotype	304	95	224	0.6	0.6	0.511	0.631
ori_leb	Karyotype	304	95	225	0.4	0.2	0.875	0.893
shuff_leb	Karyotype	304	95	225	0.9	0.1	0.557	0.456
ori_leb	Karyotype	304	95	226	0.4	0.1	0.875	0.925
shuff_leb	Karyotype	304	95	226	0.9	0.1	0.5	0.489
ori_leb	Karyotype	304	95	227	0.9	0.6	0.906	0.877
shuff_leb	Karyotype	304	95	227	0.1	0.1	0.537	0.399
ori_leb	Karyotype	304	95	228	0.1	0.6	0.897	0.893
shuff_leb	Karyotype	304	95	228	0.9	0.4	0.47	0.509
ori_leb	Karyotype	304	95	229	0.8	0.6	0.878	0.918
shuff_leb	Karyotype	304	95	229	0.6	0.2	0.526	0.483
ori_leb	Karyotype	304	95	230	0.8	0.2	0.876	0.902
shuff_leb	Karyotype	304	95	230	0.8	0.2	0.499	0.499
ori_leb	Karyotype	304	95	231	0.4	0.2	0.896	0.843
shuff_leb	Karyotype	304	95	231	0.4	0.2	0.538	0.586
ori_leb	Karyotype	304	95	232	0.6	0.6	0.898	0.926
shuff_leb	Karyotype	304	95	232	0.8	100.0	0.5	0.555
ori_leb	Karyotype	304	95	233	0.4	1.0	0.898	0.926
shuff_leb	Karyotype	304	95	233	0.2	0.1	0.448	0.343
ori_leb	Karyotype	304	95	234	0.1	1.0	0.896	0.836
shuff_leb	Karyotype	304	95	234	0.9	0.2	0.512	0.562
ori_leb	Karyotype	304	95	235	0.4	0.1	0.871	0.902
shuff_leb	Karyotype	304	95	235	0.1	0.001	0.457	0.5
ori_leb	Karyotype	304	95	236	0.6	0.6	0.878	0.918
shuff_leb	Karyotype	304	95	236	0.4	1000.0	0.458	0.399
ori_leb	Karyotype	304	95	237	0.8	0.2	0.868	0.902
shuff_leb	Karyotype	304	95	237	0.1	0.001	0.5	0.5
ori_leb	Karyotype	304	95	238	0.6	0.2	0.878	0.902
shuff_leb	Karyotype	304	95	238	0.9	0.2	0.541	0.519
ori_leb	Karyotype	304	95	239	0.1	0.1	0.871	0.893
shuff_leb	Karyotype	304	95	239	0.4	10.0	0.527	0.478
ori_leb	Karyotype	304	95	240	0.8	0.6	0.878	0.902
shuff_leb	Karyotype	304	95	240	0.1	0.001	0.465	0.5
ori_leb	Karyotype	304	95	241	0.6	0.6	0.885	0.91
shuff_leb	Karyotype	304	95	241	0.6	0.2	0.513	0.443
ori_leb	Karyotype	304	95	242	0.1	0.1	0.878	0.902
shuff_leb	Karyotype	304	95	242	0.9	0.2	0.516	0.596
ori_leb	Karyotype	304	95	243	0.6	0.2	0.857	0.918
shuff_leb	Karyotype	304	95	243	0.9	0.2	0.6	0.432
ori_leb	Karyotype	304	95	244	0.2	0.1	0.881	0.869
shuff_leb	Karyotype	304	95	244	0.9	0.2	0.548	0.578
ori_leb	Karyotype	304	95	245	0.2	0.2	0.865	0.943
shuff_leb	Karyotype	304	95	245	0.9	0.1	0.5	0.611
ori_leb	Karyotype	304	95	246	0.9	1.0	0.875	0.893
shuff_leb	Karyotype	304	95	246	0.8	0.6	0.492	0.456
ori_leb	Karyotype	304	95	247	0.8	0.6	0.893	0.844
shuff_leb	Karyotype	304	95	247	0.2	100.0	0.537	0.596
ori_leb	Karyotype	304	95	248	0.8	0.2	0.878	0.875
shuff_leb	Karyotype	304	95	248	0.4	10.0	0.49	0.604
ori_leb	Karyotype	304	95	249	0.2	0.1	0.881	0.869
shuff_leb	Karyotype	304	95	249	0.9	0.4	0.5	0.434
ori_leb	Karyotype	304	95	250	0.9	0.6	0.888	0.893
shuff_leb	Karyotype	304	95	250	0.8	0.1	0.5	0.516
ori_leb	Karyotype	304	95	251	0.4	0.2	0.885	0.867
shuff_leb	Karyotype	304	95	251	0.8	0.2	0.478	0.397
ori_leb	Karyotype	304	95	252	0.6	1.0	0.878	0.91
shuff_leb	Karyotype	304	95	252	0.6	0.1	0.455	0.516
ori_leb	Karyotype	304	95	253	0.6	0.4	0.859	0.943
shuff_leb	Karyotype	304	95	253	0.6	0.2	0.504	0.565
ori_leb	Karyotype	304	95	254	0.1	0.1	0.885	0.867
shuff_leb	Karyotype	304	95	254	0.1	0.001	0.469	0.5
ori_leb	Karyotype	304	95	255	0.6	0.6	0.885	0.877
shuff_leb	Karyotype	304	95	255	0.2	0.1	0.504	0.664
ori_leb	Karyotype	304	95	256	0.6	0.1	0.854	0.875
shuff_leb	Karyotype	304	95	256	0.1	0.001	0.484	0.5
ori_leb	Karyotype	304	95	257	0.4	0.4	0.883	0.959
shuff_leb	Karyotype	304	95	257	0.1	0.001	0.49	0.5
ori_leb	Karyotype	304	95	258	0.2	0.4	0.875	0.893
shuff_leb	Karyotype	304	95	258	0.4	1000.0	0.471	0.432
ori_leb	Karyotype	304	95	259	0.8	0.4	0.906	0.893
shuff_leb	Karyotype	304	95	259	0.1	0.001	0.44	0.5
ori_leb	Karyotype	304	95	260	0.8	0.4	0.888	0.869
shuff_leb	Karyotype	304	95	260	0.9	0.1	0.494	0.525
ori_leb	Karyotype	304	95	261	0.1	0.1	0.876	0.869
shuff_leb	Karyotype	304	95	261	0.9	0.1	0.484	0.458
ori_leb	Karyotype	304	95	262	0.2	1.0	0.898	0.893
shuff_leb	Karyotype	304	95	262	0.1	0.001	0.453	0.5
ori_leb	Karyotype	304	95	263	0.4	0.2	0.902	0.885
shuff_leb	Karyotype	304	95	263	0.9	0.2	0.488	0.484
ori_leb	Karyotype	304	95	264	0.1	0.1	0.865	0.926
shuff_leb	Karyotype	304	95	264	0.4	1000.0	0.451	0.655
ori_leb	Karyotype	304	95	265	0.8	1.0	0.871	0.934
shuff_leb	Karyotype	304	95	265	0.9	0.1	0.498	0.501
ori_leb	Karyotype	304	95	266	0.6	1.0	0.886	0.926
shuff_leb	Karyotype	304	95	266	0.8	0.1	0.51	0.604
ori_leb	Karyotype	304	95	267	0.9	0.6	0.878	0.893
shuff_leb	Karyotype	304	95	267	0.6	0.4	0.525	0.55
ori_leb	Karyotype	304	95	268	0.4	0.2	0.876	0.951
shuff_leb	Karyotype	304	95	268	0.1	0.001	0.481	0.5
ori_leb	Karyotype	304	95	269	0.4	0.2	0.867	0.959
shuff_leb	Karyotype	304	95	269	0.1	0.001	0.458	0.5
ori_leb	Karyotype	304	95	270	0.8	0.6	0.878	0.918
shuff_leb	Karyotype	304	95	270	0.1	0.001	0.427	0.5
ori_leb	Karyotype	304	95	271	0.6	0.2	0.878	0.91
shuff_leb	Karyotype	304	95	271	0.1	0.001	0.417	0.5
ori_leb	Karyotype	304	95	272	0.6	0.4	0.897	0.885
shuff_leb	Karyotype	304	95	272	0.2	0.1	0.587	0.539
ori_leb	Karyotype	304	95	273	0.4	0.6	0.88	0.861
shuff_leb	Karyotype	304	95	273	0.1	1000.0	0.487	0.429
ori_leb	Karyotype	304	95	274	0.8	0.4	0.885	0.893
shuff_leb	Karyotype	304	95	274	0.1	0.001	0.436	0.5
ori_leb	Karyotype	304	95	275	0.6	1.0	0.881	0.861
shuff_leb	Karyotype	304	95	275	0.9	0.1	0.463	0.497
ori_leb	Karyotype	304	95	276	0.4	0.2	0.892	0.902
shuff_leb	Karyotype	304	95	276	0.6	0.1	0.54	0.404
ori_leb	Karyotype	304	95	277	0.9	0.6	0.856	0.91
shuff_leb	Karyotype	304	95	277	0.9	0.1	0.524	0.494
ori_leb	Karyotype	304	95	278	0.4	0.2	0.878	0.893
shuff_leb	Karyotype	304	95	278	0.6	0.2	0.515	0.527
ori_leb	Karyotype	304	95	279	0.4	0.1	0.847	0.893
shuff_leb	Karyotype	304	95	279	0.1	0.001	0.481	0.5
ori_leb	Karyotype	304	95	280	0.4	10.0	0.888	0.843
shuff_leb	Karyotype	304	95	280	0.4	0.6	0.5	0.466
ori_leb	Karyotype	304	95	281	0.9	1.0	0.898	0.918
shuff_leb	Karyotype	304	95	281	0.8	10.0	0.5	0.527
ori_leb	Karyotype	304	95	282	0.4	0.6	0.927	0.852
shuff_leb	Karyotype	304	95	282	0.6	0.1	0.458	0.493
ori_leb	Karyotype	304	95	283	0.4	0.2	0.875	0.851
shuff_leb	Karyotype	304	95	283	0.2	0.2	0.495	0.525
ori_leb	Karyotype	304	95	284	0.6	0.4	0.893	0.885
shuff_leb	Karyotype	304	95	284	0.9	0.1	0.542	0.407
ori_leb	Karyotype	304	95	285	0.4	0.6	0.908	0.902
shuff_leb	Karyotype	304	95	285	0.2	0.1	0.501	0.552
ori_leb	Karyotype	304	95	286	0.9	0.6	0.896	0.918
shuff_leb	Karyotype	304	95	286	0.8	0.1	0.578	0.535
ori_leb	Karyotype	304	95	287	0.9	0.4	0.878	0.91
shuff_leb	Karyotype	304	95	287	0.4	1000.0	0.494	0.511
ori_leb	Karyotype	304	95	288	0.6	0.2	0.875	0.877
shuff_leb	Karyotype	304	95	288	0.8	1.0	0.514	0.427
ori_leb	Karyotype	304	95	289	0.4	0.6	0.898	0.902
shuff_leb	Karyotype	304	95	289	0.1	0.001	0.507	0.5
ori_leb	Karyotype	304	95	290	0.6	0.2	0.866	0.918
shuff_leb	Karyotype	304	95	290	0.4	1.0	0.531	0.575
ori_leb	Karyotype	304	95	291	0.8	1.0	0.88	0.926
shuff_leb	Karyotype	304	95	291	0.6	0.1	0.5	0.578
ori_leb	Karyotype	304	95	292	0.9	0.6	0.898	0.91
shuff_leb	Karyotype	304	95	292	0.1	0.001	0.471	0.5
ori_leb	Karyotype	304	95	293	0.4	0.2	0.887	0.885
shuff_leb	Karyotype	304	95	293	0.8	0.1	0.501	0.424
ori_leb	Karyotype	304	95	294	0.4	0.2	0.898	0.91
shuff_leb	Karyotype	304	95	294	0.9	0.4	0.536	0.424
ori_leb	Karyotype	304	95	295	0.4	1.0	0.888	0.844
shuff_leb	Karyotype	304	95	295	0.2	1.0	0.562	0.6
ori_leb	Karyotype	304	95	296	0.4	0.4	0.898	0.926
shuff_leb	Karyotype	304	95	296	0.1	0.001	0.495	0.5
ori_leb	Karyotype	304	95	297	0.1	0.2	0.861	0.902
shuff_leb	Karyotype	304	95	297	0.4	0.2	0.461	0.568
ori_leb	Karyotype	304	95	298	0.6	0.4	0.887	0.828
shuff_leb	Karyotype	304	95	298	0.1	0.001	0.458	0.5
ori_leb	Karyotype	304	95	299	0.4	0.2	0.897	0.834
shuff_leb	Karyotype	304	95	299	0.1	0.001	0.431	0.5
ori_leb	Karyotype	304	95	300	0.4	0.4	0.888	0.869
shuff_leb	Karyotype	304	95	300	0.1	0.001	0.463	0.5
ori_leb	Karyotype	304	95	301	0.6	1.0	0.875	0.91
shuff_leb	Karyotype	304	95	301	0.1	0.001	0.469	0.5
ori_leb	Karyotype	304	95	302	0.6	0.1	0.878	0.867
shuff_leb	Karyotype	304	95	302	0.1	0.001	0.438	0.5
ori_leb	Karyotype	304	95	303	0.2	0.2	0.867	0.91
shuff_leb	Karyotype	304	95	303	0.1	0.001	0.427	0.5
ori_leb	Karyotype	304	95	304	0.4	0.2	0.847	0.918
shuff_leb	Karyotype	304	95	304	0.9	0.2	0.547	0.57
ori_leb	Karyotype	304	95	305	0.1	0.1	0.878	0.869
shuff_leb	Karyotype	304	95	305	0.9	0.1	0.511	0.442
ori_leb	Karyotype	304	95	306	0.9	0.4	0.885	0.934
shuff_leb	Karyotype	304	95	306	0.8	0.6	0.486	0.563
ori_leb	Karyotype	304	95	307	0.1	0.1	0.865	0.893
shuff_leb	Karyotype	304	95	307	0.2	10.0	0.491	0.621
ori_leb	Karyotype	304	95	308	0.1	0.1	0.875	0.918
shuff_leb	Karyotype	304	95	308	0.1	0.001	0.463	0.5
ori_leb	Karyotype	304	95	309	0.2	0.1	0.87	0.885
shuff_leb	Karyotype	304	95	309	0.1	0.001	0.464	0.5
ori_leb	Karyotype	304	95	310	0.1	0.4	0.907	0.836
shuff_leb	Karyotype	304	95	310	0.1	1000.0	0.499	0.6
ori_leb	Karyotype	304	95	311	0.6	0.2	0.847	0.91
shuff_leb	Karyotype	304	95	311	0.2	100.0	0.512	0.484
ori_leb	Karyotype	304	95	312	0.9	0.4	0.888	0.844
shuff_leb	Karyotype	304	95	312	0.8	0.2	0.501	0.491
ori_leb	Karyotype	304	95	313	0.6	1.0	0.885	0.885
shuff_leb	Karyotype	304	95	313	0.1	0.001	0.459	0.5
ori_leb	Karyotype	304	95	314	0.2	0.4	0.896	0.836
shuff_leb	Karyotype	304	95	314	0.9	0.1	0.491	0.57
ori_leb	Karyotype	304	95	315	0.1	0.2	0.888	0.918
shuff_leb	Karyotype	304	95	315	0.6	1.0	0.483	0.484
ori_leb	Karyotype	304	95	316	0.2	0.2	0.865	0.926
shuff_leb	Karyotype	304	95	316	0.1	0.001	0.482	0.5
ori_leb	Karyotype	304	95	317	0.2	0.6	0.881	0.869
shuff_leb	Karyotype	304	95	317	0.1	0.001	0.458	0.5
ori_leb	Karyotype	304	95	318	0.9	1.0	0.861	0.885
shuff_leb	Karyotype	304	95	318	0.6	100.0	0.554	0.432
ori_leb	Karyotype	304	95	319	0.2	0.1	0.888	0.893
shuff_leb	Karyotype	304	95	319	0.1	0.001	0.454	0.5
ori_leb	Karyotype	304	95	320	0.1	0.1	0.875	0.902
shuff_leb	Karyotype	304	95	320	0.2	100.0	0.495	0.514
ori_leb	Karyotype	304	95	321	0.8	10.0	0.88	0.851
shuff_leb	Karyotype	304	95	321	0.8	0.2	0.594	0.455
ori_leb	Karyotype	304	95	322	0.6	0.2	0.898	0.869
shuff_leb	Karyotype	304	95	322	0.1	0.1	0.524	0.442
ori_leb	Karyotype	304	95	323	0.9	1.0	0.878	0.885
shuff_leb	Karyotype	304	95	323	0.1	0.2	0.554	0.447
ori_leb	Karyotype	304	95	324	0.4	0.6	0.888	0.91
shuff_leb	Karyotype	304	95	324	0.1	0.001	0.486	0.5
ori_leb	Karyotype	304	95	325	0.4	0.6	0.875	0.918
shuff_leb	Karyotype	304	95	325	0.9	0.1	0.46	0.501
ori_leb	Karyotype	304	95	326	0.6	0.2	0.878	0.918
shuff_leb	Karyotype	304	95	326	0.1	0.001	0.448	0.5
ori_leb	Karyotype	304	95	327	0.6	0.6	0.876	0.877
shuff_leb	Karyotype	304	95	327	0.1	0.2	0.458	0.544
ori_leb	Karyotype	304	95	328	0.9	1.0	0.896	0.91
shuff_leb	Karyotype	304	95	328	0.2	0.2	0.491	0.484
ori_leb	Karyotype	304	95	329	0.1	0.1	0.878	0.902
shuff_leb	Karyotype	304	95	329	0.1	0.1	0.555	0.484
ori_leb	Karyotype	304	95	330	0.6	0.4	0.878	0.91
shuff_leb	Karyotype	304	95	330	0.1	0.6	0.535	0.366
ori_leb	Karyotype	304	95	331	0.2	0.1	0.885	0.884
shuff_leb	Karyotype	304	95	331	0.1	0.001	0.455	0.5
ori_leb	Karyotype	304	95	332	0.4	1.0	0.904	0.852
shuff_leb	Karyotype	304	95	332	0.8	0.2	0.609	0.511
ori_leb	Karyotype	304	95	333	0.2	0.1	0.885	0.902
shuff_leb	Karyotype	304	95	333	0.8	0.1	0.424	0.496
ori_leb	Karyotype	304	95	334	0.8	1.0	0.885	0.893
shuff_leb	Karyotype	304	95	334	0.6	0.2	0.57	0.547
ori_leb	Karyotype	304	95	335	0.9	1.0	0.872	0.918
shuff_leb	Karyotype	304	95	335	0.8	10.0	0.501	0.624
ori_leb	Karyotype	304	95	336	0.2	0.6	0.885	0.885
shuff_leb	Karyotype	304	95	336	0.1	0.001	0.471	0.5
ori_leb	Karyotype	304	95	337	0.1	0.4	0.892	0.844
shuff_leb	Karyotype	304	95	337	0.4	0.1	0.491	0.432
ori_leb	Karyotype	304	95	338	0.8	0.4	0.867	0.934
shuff_leb	Karyotype	304	95	338	0.9	0.1	0.475	0.447
ori_leb	Karyotype	304	95	339	0.4	0.1	0.867	0.893
shuff_leb	Karyotype	304	95	339	0.4	0.1	0.486	0.432
ori_leb	Karyotype	304	95	340	0.9	0.4	0.885	0.893
shuff_leb	Karyotype	304	95	340	0.8	0.1	0.495	0.527
ori_leb	Karyotype	304	95	341	0.1	0.2	0.885	0.902
shuff_leb	Karyotype	304	95	341	0.8	0.1	0.5	0.476
ori_leb	Karyotype	304	95	342	0.9	0.2	0.875	0.926
shuff_leb	Karyotype	304	95	342	0.9	0.1	0.537	0.336
ori_leb	Karyotype	304	95	343	0.6	1.0	0.887	0.91
shuff_leb	Karyotype	304	95	343	0.9	10.0	0.562	0.44
ori_leb	Karyotype	304	95	344	0.8	0.6	0.867	0.91
shuff_leb	Karyotype	304	95	344	0.6	0.1	0.449	0.586
ori_leb	Karyotype	304	95	345	0.1	0.2	0.885	0.852
shuff_leb	Karyotype	304	95	345	0.6	0.1	0.484	0.381
ori_leb	Karyotype	304	95	346	0.2	0.2	0.896	0.861
shuff_leb	Karyotype	304	95	346	0.6	0.2	0.501	0.606
ori_leb	Karyotype	304	95	347	0.6	1.0	0.87	0.918
shuff_leb	Karyotype	304	95	347	0.8	100.0	0.481	0.544
ori_leb	Karyotype	304	95	348	0.6	0.4	0.875	0.918
shuff_leb	Karyotype	304	95	348	0.9	0.6	0.494	0.353
ori_leb	Karyotype	304	95	349	0.9	0.4	0.862	0.918
shuff_leb	Karyotype	304	95	349	0.1	1.0	0.533	0.501
ori_leb	Karyotype	304	95	350	0.6	0.6	0.888	0.828
shuff_leb	Karyotype	304	95	350	0.9	0.1	0.512	0.428
ori_leb	Karyotype	304	95	351	0.2	0.4	0.878	0.877
shuff_leb	Karyotype	304	95	351	0.1	0.001	0.471	0.5
ori_leb	Karyotype	304	95	352	0.9	0.4	0.878	0.934
shuff_leb	Karyotype	304	95	352	0.1	0.001	0.49	0.5
ori_leb	Karyotype	304	95	353	0.1	0.2	0.896	0.885
shuff_leb	Karyotype	304	95	353	0.9	0.1	0.517	0.596
ori_leb	Karyotype	304	95	354	0.4	0.4	0.854	0.943
shuff_leb	Karyotype	304	95	354	0.1	0.001	0.465	0.5
ori_leb	Karyotype	304	95	355	0.6	0.4	0.896	0.877
shuff_leb	Karyotype	304	95	355	0.9	0.1	0.55	0.44
ori_leb	Karyotype	304	95	356	0.2	0.1	0.885	0.877
shuff_leb	Karyotype	304	95	356	0.9	0.4	0.526	0.466
ori_leb	Karyotype	304	95	357	0.4	0.4	0.888	0.926
shuff_leb	Karyotype	304	95	357	0.6	10.0	0.524	0.572
ori_leb	Karyotype	304	95	358	0.2	0.6	0.898	0.918
shuff_leb	Karyotype	304	95	358	0.9	0.2	0.499	0.443
ori_leb	Karyotype	304	95	359	0.1	0.2	0.892	0.893
shuff_leb	Karyotype	304	95	359	0.1	10.0	0.542	0.415
ori_leb	Karyotype	304	95	360	0.8	1.0	0.888	0.893
shuff_leb	Karyotype	304	95	360	0.6	100.0	0.478	0.572
ori_leb	Karyotype	304	95	361	0.8	0.6	0.878	0.91
shuff_leb	Karyotype	304	95	361	0.1	0.1	0.5	0.468
ori_leb	Karyotype	304	95	362	0.6	0.6	0.885	0.877
shuff_leb	Karyotype	304	95	362	0.9	0.6	0.563	0.428
ori_leb	Karyotype	304	95	363	0.6	0.2	0.875	0.875
shuff_leb	Karyotype	304	95	363	0.1	0.001	0.458	0.5
ori_leb	Karyotype	304	95	364	0.4	0.4	0.866	0.926
shuff_leb	Karyotype	304	95	364	0.9	0.4	0.514	0.514
ori_leb	Karyotype	304	95	365	0.9	1.0	0.883	0.893
shuff_leb	Karyotype	304	95	365	0.1	0.1	0.544	0.45
ori_leb	Karyotype	304	95	366	0.8	0.4	0.886	0.918
shuff_leb	Karyotype	304	95	366	0.9	0.2	0.501	0.534
ori_leb	Karyotype	304	95	367	0.9	0.4	0.881	0.885
shuff_leb	Karyotype	304	95	367	0.9	0.1	0.5	0.511
ori_leb	Karyotype	304	95	368	0.1	0.1	0.896	0.902
shuff_leb	Karyotype	304	95	368	0.1	0.1	0.51	0.544
ori_leb	Karyotype	304	95	369	0.4	0.6	0.885	0.877
shuff_leb	Karyotype	304	95	369	0.6	1000.0	0.508	0.435
ori_leb	Karyotype	304	95	370	0.2	0.2	0.883	0.934
shuff_leb	Karyotype	304	95	370	0.6	0.1	0.5	0.471
ori_leb	Karyotype	304	95	371	0.4	0.6	0.887	0.918
shuff_leb	Karyotype	304	95	371	0.1	0.2	0.598	0.458
ori_leb	Karyotype	304	95	372	0.2	1.0	0.882	0.893
shuff_leb	Karyotype	304	95	372	0.6	0.1	0.499	0.294
ori_leb	Karyotype	304	95	373	0.4	0.2	0.893	0.91
shuff_leb	Karyotype	304	95	373	0.9	0.1	0.48	0.414
ori_leb	Karyotype	304	95	374	0.4	0.4	0.885	0.902
shuff_leb	Karyotype	304	95	374	0.4	0.1	0.51	0.509
ori_leb	Karyotype	304	95	375	0.8	0.4	0.885	0.902
shuff_leb	Karyotype	304	95	375	0.1	0.001	0.453	0.5
ori_leb	Karyotype	304	95	376	0.6	0.6	0.875	0.91
shuff_leb	Karyotype	304	95	376	0.1	100.0	0.499	0.596
ori_leb	Karyotype	304	95	377	0.6	0.2	0.875	0.885
shuff_leb	Karyotype	304	95	377	0.2	0.1	0.498	0.519
ori_leb	Karyotype	304	95	378	0.6	0.4	0.888	0.885
shuff_leb	Karyotype	304	95	378	0.1	0.001	0.437	0.5
ori_leb	Karyotype	304	95	379	0.2	0.1	0.876	0.918
shuff_leb	Karyotype	304	95	379	0.1	0.001	0.473	0.5
ori_leb	Karyotype	304	95	380	0.6	0.6	0.876	0.902
shuff_leb	Karyotype	304	95	380	0.1	1.0	0.529	0.435
ori_leb	Karyotype	304	95	381	0.6	0.4	0.898	0.861
shuff_leb	Karyotype	304	95	381	0.4	0.1	0.501	0.434
ori_leb	Karyotype	304	95	382	0.4	0.1	0.876	0.885
shuff_leb	Karyotype	304	95	382	0.1	0.001	0.454	0.5
ori_leb	Karyotype	304	95	383	0.6	10.0	0.871	0.902
shuff_leb	Karyotype	304	95	383	0.8	0.6	0.517	0.56
ori_leb	Karyotype	304	95	384	0.9	0.6	0.888	0.918
shuff_leb	Karyotype	304	95	384	0.4	10.0	0.516	0.453
ori_leb	Karyotype	304	95	385	0.8	0.2	0.896	0.877
shuff_leb	Karyotype	304	95	385	0.9	0.1	0.434	0.491
ori_leb	Karyotype	304	95	386	0.2	0.1	0.857	0.926
shuff_leb	Karyotype	304	95	386	0.2	1000.0	0.461	0.562
ori_leb	Karyotype	304	95	387	0.2	0.1	0.881	0.877
shuff_leb	Karyotype	304	95	387	0.9	0.6	0.509	0.415
ori_leb	Karyotype	304	95	388	0.1	0.1	0.878	0.885
shuff_leb	Karyotype	304	95	388	0.6	1.0	0.593	0.435
ori_leb	Karyotype	304	95	389	0.6	0.2	0.865	0.926
shuff_leb	Karyotype	304	95	389	0.1	0.001	0.424	0.5
ori_leb	Karyotype	304	95	390	0.1	0.1	0.878	0.885
shuff_leb	Karyotype	304	95	390	0.2	10.0	0.5	0.462
ori_leb	Karyotype	304	95	391	0.8	0.1	0.854	0.859
shuff_leb	Karyotype	304	95	391	0.9	0.6	0.519	0.517
ori_leb	Karyotype	304	95	392	0.9	0.6	0.878	0.875
shuff_leb	Karyotype	304	95	392	0.1	0.001	0.455	0.5
ori_leb	Karyotype	304	95	393	0.1	0.1	0.888	0.918
shuff_leb	Karyotype	304	95	393	0.8	0.1	0.505	0.484
ori_leb	Karyotype	304	95	394	0.2	0.1	0.866	0.934
shuff_leb	Karyotype	304	95	394	0.1	0.2	0.5	0.588
ori_leb	Karyotype	304	95	395	0.8	0.4	0.888	0.875
shuff_leb	Karyotype	304	95	395	0.1	0.001	0.463	0.5
ori_leb	Karyotype	304	95	396	0.6	0.4	0.875	0.902
shuff_leb	Karyotype	304	95	396	0.9	0.4	0.495	0.535
ori_leb	Karyotype	304	95	397	0.8	0.6	0.903	0.902
shuff_leb	Karyotype	304	95	397	0.1	0.1	0.537	0.545
ori_leb	Karyotype	304	95	398	0.9	0.4	0.888	0.869
shuff_leb	Karyotype	304	95	398	0.9	0.1	0.49	0.473
ori_leb	Karyotype	304	95	399	0.4	0.1	0.867	0.869
shuff_leb	Karyotype	304	95	399	0.1	0.001	0.411	0.5
ori_leb	Karyotype	304	95	400	0.4	0.2	0.881	0.934
shuff_leb	Karyotype	304	95	400	0.9	0.6	0.496	0.478
ori_leb	Karyotype	304	95	401	0.6	1.0	0.897	0.926
shuff_leb	Karyotype	304	95	401	0.1	1.0	0.496	0.458
ori_leb	Karyotype	304	95	402	0.1	0.1	0.898	0.926
shuff_leb	Karyotype	304	95	402	0.1	0.001	0.481	0.5
ori_leb	Karyotype	304	95	403	0.4	0.2	0.888	0.902
shuff_leb	Karyotype	304	95	403	0.6	0.1	0.545	0.363
ori_leb	Karyotype	304	95	404	0.4	0.4	0.867	0.902
shuff_leb	Karyotype	304	95	404	0.1	0.001	0.414	0.5
ori_leb	Karyotype	304	95	405	0.2	0.1	0.885	0.885
shuff_leb	Karyotype	304	95	405	0.8	0.1	0.508	0.565
ori_leb	Karyotype	304	95	406	0.9	0.4	0.875	0.875
shuff_leb	Karyotype	304	95	406	0.9	10.0	0.509	0.537
ori_leb	Karyotype	304	95	407	0.8	1.0	0.888	0.893
shuff_leb	Karyotype	304	95	407	0.1	10.0	0.513	0.527
ori_leb	Karyotype	304	95	408	0.9	0.2	0.865	0.882
shuff_leb	Karyotype	304	95	408	0.9	0.4	0.515	0.525
ori_leb	Karyotype	304	95	409	0.9	0.6	0.898	0.926
shuff_leb	Karyotype	304	95	409	0.1	0.001	0.487	0.5
ori_leb	Karyotype	304	95	410	0.4	0.1	0.864	0.943
shuff_leb	Karyotype	304	95	410	0.2	1.0	0.491	0.578
ori_leb	Karyotype	304	95	411	0.4	0.2	0.893	0.877
shuff_leb	Karyotype	304	95	411	0.1	0.1	0.521	0.432
ori_leb	Karyotype	304	95	412	0.4	0.2	0.862	0.902
shuff_leb	Karyotype	304	95	412	0.1	1.0	0.5	0.481
ori_leb	Karyotype	304	95	413	0.9	0.4	0.885	0.91
shuff_leb	Karyotype	304	95	413	0.1	1000.0	0.531	0.475
ori_leb	Karyotype	304	95	414	0.8	0.6	0.892	0.885
shuff_leb	Karyotype	304	95	414	0.8	0.2	0.483	0.578
ori_leb	Karyotype	304	95	415	0.4	0.2	0.873	0.902
shuff_leb	Karyotype	304	95	415	0.1	0.001	0.512	0.5
ori_leb	Karyotype	304	95	416	0.6	0.2	0.885	0.877
shuff_leb	Karyotype	304	95	416	0.1	0.001	0.453	0.5
ori_leb	Karyotype	304	95	417	0.1	0.2	0.898	0.902
shuff_leb	Karyotype	304	95	417	0.1	0.2	0.512	0.511
ori_leb	Karyotype	304	95	418	0.6	1.0	0.867	0.885
shuff_leb	Karyotype	304	95	418	0.1	0.001	0.465	0.5
ori_leb	Karyotype	304	95	419	0.2	1.0	0.906	0.918
shuff_leb	Karyotype	304	95	419	0.4	10.0	0.51	0.486
ori_leb	Karyotype	304	95	420	0.1	0.1	0.878	0.902
shuff_leb	Karyotype	304	95	420	0.6	0.1	0.491	0.647
ori_leb	Karyotype	304	95	421	0.8	0.6	0.867	0.934
shuff_leb	Karyotype	304	95	421	0.1	1000.0	0.556	0.511
ori_leb	Karyotype	304	95	422	0.2	0.6	0.888	0.893
shuff_leb	Karyotype	304	95	422	0.8	0.1	0.533	0.538
ori_leb	Karyotype	304	95	423	0.4	0.4	0.875	0.869
shuff_leb	Karyotype	304	95	423	0.6	0.2	0.528	0.465
ori_leb	Karyotype	304	95	424	0.6	100.0	0.885	0.877
shuff_leb	Karyotype	304	95	424	0.9	0.2	0.5	0.563
ori_leb	Karyotype	304	95	425	0.1	0.2	0.892	0.918
shuff_leb	Karyotype	304	95	425	0.1	0.001	0.388	0.5
ori_leb	Karyotype	304	95	426	0.8	0.6	0.898	0.893
shuff_leb	Karyotype	304	95	426	0.2	1.0	0.567	0.399
ori_leb	Karyotype	304	95	427	0.9	0.4	0.878	0.926
shuff_leb	Karyotype	304	95	427	0.1	0.001	0.464	0.5
ori_leb	Karyotype	304	95	428	0.8	0.2	0.896	0.859
shuff_leb	Karyotype	304	95	428	0.1	0.001	0.461	0.5
ori_leb	Karyotype	304	95	429	0.8	0.6	0.878	0.893
shuff_leb	Karyotype	304	95	429	0.1	0.001	0.469	0.5
ori_leb	Karyotype	304	95	430	0.8	0.6	0.865	0.926
shuff_leb	Karyotype	304	95	430	0.2	10.0	0.5	0.424
ori_leb	Karyotype	304	95	431	0.9	0.6	0.867	0.918
shuff_leb	Karyotype	304	95	431	0.8	0.1	0.467	0.407
ori_leb	Karyotype	304	95	432	0.1	0.1	0.906	0.893
shuff_leb	Karyotype	304	95	432	0.1	0.001	0.468	0.5
ori_leb	Karyotype	304	95	433	0.6	0.1	0.875	0.885
shuff_leb	Karyotype	304	95	433	0.8	0.1	0.521	0.45
ori_leb	Karyotype	304	95	434	0.6	0.4	0.898	0.885
shuff_leb	Karyotype	304	95	434	0.4	0.4	0.54	0.57
ori_leb	Karyotype	304	95	435	0.8	1.0	0.878	0.877
shuff_leb	Karyotype	304	95	435	0.6	0.1	0.465	0.458
ori_leb	Karyotype	304	95	436	0.2	0.1	0.875	0.926
shuff_leb	Karyotype	304	95	436	0.9	0.1	0.409	0.516
ori_leb	Karyotype	304	95	437	0.4	0.4	0.867	0.893
shuff_leb	Karyotype	304	95	437	0.2	10.0	0.472	0.414
ori_leb	Karyotype	304	95	438	0.6	0.2	0.881	0.926
shuff_leb	Karyotype	304	95	438	0.1	0.4	0.499	0.396
ori_leb	Karyotype	304	95	439	0.4	0.1	0.865	0.926
shuff_leb	Karyotype	304	95	439	0.6	1.0	0.491	0.586
ori_leb	Karyotype	304	95	440	0.1	0.2	0.867	0.902
shuff_leb	Karyotype	304	95	440	0.1	0.001	0.453	0.5
ori_leb	Karyotype	304	95	441	0.6	0.2	0.896	0.885
shuff_leb	Karyotype	304	95	441	0.9	1.0	0.5	0.483
ori_leb	Karyotype	304	95	442	0.6	1.0	0.908	0.902
shuff_leb	Karyotype	304	95	442	0.8	0.2	0.501	0.473
ori_leb	Karyotype	304	95	443	0.6	0.4	0.888	0.877
shuff_leb	Karyotype	304	95	443	0.2	1000.0	0.494	0.406
ori_leb	Karyotype	304	95	444	0.9	0.4	0.878	0.926
shuff_leb	Karyotype	304	95	444	0.1	1000.0	0.51	0.614
ori_leb	Karyotype	304	95	445	0.9	0.4	0.867	0.875
shuff_leb	Karyotype	304	95	445	0.4	100.0	0.519	0.56
ori_leb	Karyotype	304	95	446	0.9	0.4	0.875	0.926
shuff_leb	Karyotype	304	95	446	0.2	0.2	0.517	0.46
ori_leb	Karyotype	304	95	447	0.4	0.4	0.896	0.893
shuff_leb	Karyotype	304	95	447	0.6	1.0	0.606	0.483
ori_leb	Karyotype	304	95	448	0.8	0.4	0.888	0.859
shuff_leb	Karyotype	304	95	448	0.1	0.001	0.461	0.5
ori_leb	Karyotype	304	95	449	0.6	0.2	0.888	0.91
shuff_leb	Karyotype	304	95	449	0.8	0.1	0.5	0.55
ori_leb	Karyotype	304	95	450	0.9	0.6	0.878	0.902
shuff_leb	Karyotype	304	95	450	0.9	0.2	0.51	0.552
ori_leb	Karyotype	304	95	451	0.1	0.2	0.891	0.885
shuff_leb	Karyotype	304	95	451	0.9	0.1	0.552	0.448
ori_leb	Karyotype	304	95	452	0.9	0.4	0.896	0.926
shuff_leb	Karyotype	304	95	452	0.4	0.6	0.5	0.585
ori_leb	Karyotype	304	95	453	0.4	0.1	0.898	0.851
shuff_leb	Karyotype	304	95	453	0.1	0.001	0.429	0.5
ori_leb	Karyotype	304	95	454	0.2	0.1	0.885	0.885
shuff_leb	Karyotype	304	95	454	0.9	0.1	0.49	0.499
ori_leb	Karyotype	304	95	455	0.6	0.1	0.847	0.9
shuff_leb	Karyotype	304	95	455	0.6	0.1	0.5	0.44
ori_leb	Karyotype	304	95	456	0.2	0.1	0.865	0.893
shuff_leb	Karyotype	304	95	456	0.1	0.001	0.391	0.5
ori_leb	Karyotype	304	95	457	0.4	0.4	0.875	0.902
shuff_leb	Karyotype	304	95	457	0.8	0.1	0.482	0.499
ori_leb	Karyotype	304	95	458	0.4	0.4	0.888	0.877
shuff_leb	Karyotype	304	95	458	0.1	1000.0	0.485	0.56
ori_leb	Karyotype	304	95	459	0.6	0.4	0.888	0.918
shuff_leb	Karyotype	304	95	459	0.6	1000.0	0.531	0.547
ori_leb	Karyotype	304	95	460	0.2	0.2	0.875	0.885
shuff_leb	Karyotype	304	95	460	0.1	0.001	0.44	0.5
ori_leb	Karyotype	304	95	461	0.8	0.6	0.865	0.959
shuff_leb	Karyotype	304	95	461	0.6	0.1	0.505	0.504
ori_leb	Karyotype	304	95	462	0.2	0.4	0.875	0.967
shuff_leb	Karyotype	304	95	462	0.1	0.001	0.488	0.5
ori_leb	Karyotype	304	95	463	0.9	0.6	0.883	0.91
shuff_leb	Karyotype	304	95	463	0.2	0.6	0.565	0.475
ori_leb	Karyotype	304	95	464	0.1	0.2	0.891	0.861
shuff_leb	Karyotype	304	95	464	0.6	1.0	0.532	0.552
ori_leb	Karyotype	304	95	465	0.9	1.0	0.883	0.844
shuff_leb	Karyotype	304	95	465	0.1	0.4	0.5	0.529
ori_leb	Karyotype	304	95	466	0.1	0.2	0.878	0.885
shuff_leb	Karyotype	304	95	466	0.9	0.1	0.5	0.473
ori_leb	Karyotype	304	95	467	0.4	0.2	0.865	0.918
shuff_leb	Karyotype	304	95	467	0.1	0.001	0.479	0.5
ori_leb	Karyotype	304	95	468	0.8	0.6	0.888	0.959
shuff_leb	Karyotype	304	95	468	0.8	0.4	0.511	0.529
ori_leb	Karyotype	304	95	469	0.6	0.2	0.883	0.834
shuff_leb	Karyotype	304	95	469	0.9	0.6	0.537	0.414
ori_leb	Karyotype	304	95	470	0.4	0.2	0.878	0.926
shuff_leb	Karyotype	304	95	470	0.1	1000.0	0.465	0.476
ori_leb	Karyotype	304	95	471	0.8	0.4	0.883	0.893
shuff_leb	Karyotype	304	95	471	0.2	1.0	0.494	0.649
ori_leb	Karyotype	304	95	472	0.4	0.2	0.885	0.943
shuff_leb	Karyotype	304	95	472	0.9	1.0	0.578	0.598
ori_leb	Karyotype	304	95	473	0.9	0.2	0.888	0.918
shuff_leb	Karyotype	304	95	473	0.6	0.2	0.486	0.453
ori_leb	Karyotype	304	95	474	0.4	0.2	0.917	0.843
shuff_leb	Karyotype	304	95	474	0.1	0.2	0.5	0.614
ori_leb	Karyotype	304	95	475	0.4	0.2	0.888	0.893
shuff_leb	Karyotype	304	95	475	0.1	0.001	0.43	0.5
ori_leb	Karyotype	304	95	476	0.2	0.2	0.878	0.885
shuff_leb	Karyotype	304	95	476	0.1	0.001	0.499	0.5
ori_leb	Karyotype	304	95	477	0.1	0.6	0.885	0.902
shuff_leb	Karyotype	304	95	477	0.6	0.1	0.542	0.507
ori_leb	Karyotype	304	95	478	0.6	0.4	0.865	0.869
shuff_leb	Karyotype	304	95	478	0.9	0.1	0.468	0.652
ori_leb	Karyotype	304	95	479	0.6	0.2	0.878	0.893
shuff_leb	Karyotype	304	95	479	0.1	0.001	0.473	0.5
ori_leb	Karyotype	304	95	480	0.4	0.2	0.878	0.877
shuff_leb	Karyotype	304	95	480	0.9	0.1	0.469	0.404
ori_leb	Karyotype	304	95	481	0.4	0.4	0.866	0.902
shuff_leb	Karyotype	304	95	481	0.1	0.001	0.448	0.5
ori_leb	Karyotype	304	95	482	0.6	0.4	0.867	0.91
shuff_leb	Karyotype	304	95	482	0.1	0.001	0.4	0.5
ori_leb	Karyotype	304	95	483	0.8	0.2	0.871	0.834
shuff_leb	Karyotype	304	95	483	0.9	0.1	0.42	0.507
ori_leb	Karyotype	304	95	484	0.1	0.1	0.881	0.902
shuff_leb	Karyotype	304	95	484	0.2	0.4	0.551	0.486
ori_leb	Karyotype	304	95	485	0.9	0.6	0.857	0.918
shuff_leb	Karyotype	304	95	485	0.8	0.4	0.51	0.414
ori_leb	Karyotype	304	95	486	0.1	100.0	0.898	0.852
shuff_leb	Karyotype	304	95	486	0.6	0.1	0.49	0.501
ori_leb	Karyotype	304	95	487	0.4	0.1	0.888	0.843
shuff_leb	Karyotype	304	95	487	0.6	0.2	0.518	0.466
ori_leb	Karyotype	304	95	488	0.2	0.1	0.885	0.884
shuff_leb	Karyotype	304	95	488	0.4	0.2	0.499	0.466
ori_leb	Karyotype	304	95	489	0.2	0.2	0.885	0.877
shuff_leb	Karyotype	304	95	489	0.2	0.6	0.5	0.493
ori_leb	Karyotype	304	95	490	0.9	1.0	0.902	0.934
shuff_leb	Karyotype	304	95	490	0.1	0.001	0.481	0.5
ori_leb	Karyotype	304	95	491	0.6	0.6	0.902	0.844
shuff_leb	Karyotype	304	95	491	0.9	0.1	0.527	0.603
ori_leb	Karyotype	304	95	492	0.6	0.6	0.897	0.918
shuff_leb	Karyotype	304	95	492	0.1	0.001	0.484	0.5
ori_leb	Karyotype	304	95	493	0.4	0.2	0.885	0.943
shuff_leb	Karyotype	304	95	493	0.1	0.001	0.433	0.5
ori_leb	Karyotype	304	95	494	0.6	0.6	0.898	0.877
shuff_leb	Karyotype	304	95	494	0.8	0.1	0.486	0.594
ori_leb	Karyotype	304	95	495	0.1	0.1	0.898	0.893
shuff_leb	Karyotype	304	95	495	0.2	0.1	0.481	0.504
ori_leb	Karyotype	304	95	496	0.8	0.2	0.867	0.892
shuff_leb	Karyotype	304	95	496	0.1	0.001	0.464	0.5
ori_leb	Karyotype	304	95	497	0.8	0.4	0.898	0.834
shuff_leb	Karyotype	304	95	497	0.2	100.0	0.509	0.547
ori_leb	Karyotype	304	95	498	0.2	0.2	0.875	0.893
shuff_leb	Karyotype	304	95	498	0.2	0.1	0.522	0.493
ori_leb	Karyotype	304	95	499	0.2	0.2	0.887	0.91
shuff_leb	Karyotype	304	95	499	0.2	0.2	0.552	0.425
ori_leb	Karyotype	304	95	500	0.9	0.4	0.888	0.892
shuff_leb	Karyotype	304	95	500	0.9	1.0	0.53	0.381
ori_leb	Karyotype	304	95	501	0.6	0.1	0.847	0.893
shuff_leb	Karyotype	304	95	501	0.9	0.4	0.491	0.484
ori_leb	Karyotype	304	95	502	0.4	0.1	0.896	0.877
shuff_leb	Karyotype	304	95	502	0.1	0.001	0.482	0.5
ori_leb	Karyotype	304	95	503	0.1	0.1	0.861	0.893
shuff_leb	Karyotype	304	95	503	0.8	0.1	0.502	0.422
ori_leb	Karyotype	304	95	504	0.8	0.4	0.875	0.902
shuff_leb	Karyotype	304	95	504	0.8	0.1	0.438	0.583
ori_leb	Karyotype	304	95	505	0.9	100.0	0.896	0.869
shuff_leb	Karyotype	304	95	505	0.9	0.1	0.538	0.525
ori_leb	Karyotype	304	95	506	0.1	0.4	0.892	0.852
shuff_leb	Karyotype	304	95	506	0.6	0.1	0.448	0.468
ori_leb	Karyotype	304	95	507	0.1	0.4	0.885	0.885
shuff_leb	Karyotype	304	95	507	0.6	0.1	0.471	0.527
ori_leb	Karyotype	304	95	508	0.6	0.6	0.917	0.869
shuff_leb	Karyotype	304	95	508	0.1	0.001	0.491	0.5
ori_leb	Karyotype	304	95	509	0.4	0.1	0.878	0.869
shuff_leb	Karyotype	304	95	509	0.9	0.2	0.5	0.468
ori_leb	Karyotype	304	95	510	0.6	0.2	0.885	0.869
shuff_leb	Karyotype	304	95	510	0.1	0.001	0.459	0.5
ori_leb	Karyotype	304	95	511	0.9	10.0	0.895	0.885
shuff_leb	Karyotype	304	95	511	0.1	0.001	0.453	0.5
ori_leb	Karyotype	304	95	512	0.8	0.2	0.854	0.951
shuff_leb	Karyotype	304	95	512	0.9	1.0	0.51	0.542
ori_leb	Karyotype	304	95	513	0.9	1.0	0.857	0.91
shuff_leb	Karyotype	304	95	513	0.1	1000.0	0.5	0.384
ori_leb	Karyotype	304	95	514	0.9	0.4	0.865	0.926
shuff_leb	Karyotype	304	95	514	0.4	0.4	0.5	0.402
ori_leb	Karyotype	304	95	515	0.2	0.1	0.888	0.951
shuff_leb	Karyotype	304	95	515	0.1	0.4	0.562	0.537
ori_leb	Karyotype	304	95	516	0.8	0.4	0.888	0.877
shuff_leb	Karyotype	304	95	516	0.9	0.1	0.583	0.58
ori_leb	Karyotype	304	95	517	0.1	0.1	0.875	0.885
shuff_leb	Karyotype	304	95	517	0.9	0.4	0.499	0.614
ori_leb	Karyotype	304	95	518	0.8	0.6	0.896	0.877
shuff_leb	Karyotype	304	95	518	0.8	0.1	0.5	0.497
ori_leb	Karyotype	304	95	519	0.9	0.2	0.885	0.893
shuff_leb	Karyotype	304	95	519	0.9	0.1	0.518	0.519
ori_leb	Karyotype	304	95	520	0.9	0.6	0.898	0.885
shuff_leb	Karyotype	304	95	520	0.6	0.1	0.516	0.493
ori_leb	Karyotype	304	95	521	0.4	1.0	0.875	0.861
shuff_leb	Karyotype	304	95	521	0.6	1000.0	0.494	0.535
ori_leb	Karyotype	304	95	522	0.2	0.1	0.885	0.875
shuff_leb	Karyotype	304	95	522	0.6	0.1	0.502	0.635
ori_leb	Karyotype	304	95	523	0.9	0.4	0.888	0.91
shuff_leb	Karyotype	304	95	523	0.6	0.6	0.594	0.417
ori_leb	Karyotype	304	95	524	0.4	0.1	0.861	0.867
shuff_leb	Karyotype	304	95	524	0.1	0.001	0.489	0.5
ori_leb	Karyotype	304	95	525	0.1	0.1	0.865	0.934
shuff_leb	Karyotype	304	95	525	0.9	0.1	0.478	0.586
ori_leb	Karyotype	304	95	526	0.6	0.2	0.867	0.885
shuff_leb	Karyotype	304	95	526	0.9	0.2	0.504	0.479
ori_leb	Karyotype	304	95	527	0.8	1.0	0.887	0.877
shuff_leb	Karyotype	304	95	527	0.1	0.6	0.5	0.389
ori_leb	Karyotype	304	95	528	0.4	0.1	0.878	0.892
shuff_leb	Karyotype	304	95	528	0.4	10.0	0.548	0.501
ori_leb	Karyotype	304	95	529	0.6	0.4	0.878	0.926
shuff_leb	Karyotype	304	95	529	0.1	0.6	0.499	0.647
ori_leb	Karyotype	304	95	530	0.4	0.2	0.888	0.91
shuff_leb	Karyotype	304	95	530	0.2	0.2	0.478	0.552
ori_leb	Karyotype	304	95	531	0.2	0.1	0.871	0.893
shuff_leb	Karyotype	304	95	531	0.4	10.0	0.509	0.549
ori_leb	Karyotype	304	95	532	0.8	0.4	0.876	0.869
shuff_leb	Karyotype	304	95	532	0.1	0.1	0.5	0.412
ori_leb	Karyotype	304	95	533	0.6	0.2	0.867	0.959
shuff_leb	Karyotype	304	95	533	0.2	1.0	0.5	0.465
ori_leb	Karyotype	304	95	534	0.4	0.1	0.898	0.869
shuff_leb	Karyotype	304	95	534	0.1	1000.0	0.52	0.465
ori_leb	Karyotype	304	95	535	0.4	0.2	0.883	0.852
shuff_leb	Karyotype	304	95	535	0.6	0.2	0.513	0.501
ori_leb	Karyotype	304	95	536	0.2	0.6	0.883	0.91
shuff_leb	Karyotype	304	95	536	0.9	0.1	0.48	0.45
ori_leb	Karyotype	304	95	537	0.6	0.4	0.871	0.951
shuff_leb	Karyotype	304	95	537	0.9	0.1	0.494	0.496
ori_leb	Karyotype	304	95	538	0.8	1.0	0.885	0.959
shuff_leb	Karyotype	304	95	538	0.4	0.1	0.512	0.588
ori_leb	Karyotype	304	95	539	0.9	1.0	0.867	0.951
shuff_leb	Karyotype	304	95	539	0.8	1000.0	0.5	0.539
ori_leb	Karyotype	304	95	540	0.6	0.1	0.854	0.925
shuff_leb	Karyotype	304	95	540	0.2	1000.0	0.512	0.525
ori_leb	Karyotype	304	95	541	0.6	100.0	0.902	0.885
shuff_leb	Karyotype	304	95	541	0.6	1.0	0.504	0.434
ori_leb	Karyotype	304	95	542	0.2	0.2	0.897	0.893
shuff_leb	Karyotype	304	95	542	0.1	0.1	0.499	0.497
ori_leb	Karyotype	304	95	543	0.1	0.4	0.898	0.885
shuff_leb	Karyotype	304	95	543	0.6	0.1	0.531	0.463
ori_leb	Karyotype	304	95	544	0.9	1.0	0.888	0.852
shuff_leb	Karyotype	304	95	544	0.9	0.1	0.509	0.392
ori_leb	Karyotype	304	95	545	0.4	0.4	0.888	0.902
shuff_leb	Karyotype	304	95	545	0.9	0.2	0.495	0.675
ori_leb	Karyotype	304	95	546	0.4	0.2	0.908	0.869
shuff_leb	Karyotype	304	95	546	0.1	1000.0	0.495	0.522
ori_leb	Karyotype	304	95	547	0.2	0.4	0.898	0.893
shuff_leb	Karyotype	304	95	547	0.9	0.1	0.546	0.55
ori_leb	Karyotype	304	95	548	0.9	0.6	0.888	0.893
shuff_leb	Karyotype	304	95	548	0.9	0.2	0.494	0.507
ori_leb	Karyotype	304	95	549	0.6	0.4	0.885	0.959
shuff_leb	Karyotype	304	95	549	0.8	0.1	0.532	0.486
ori_leb	Karyotype	304	95	550	0.9	0.4	0.887	0.877
shuff_leb	Karyotype	304	95	550	0.1	0.001	0.478	0.5
ori_leb	Karyotype	304	95	551	0.6	0.6	0.885	0.852
shuff_leb	Karyotype	304	95	551	0.1	0.001	0.442	0.5
ori_leb	Karyotype	304	95	552	0.9	0.4	0.876	0.877
shuff_leb	Karyotype	304	95	552	0.1	0.001	0.458	0.5
ori_leb	Karyotype	304	95	553	0.2	0.2	0.871	0.893
shuff_leb	Karyotype	304	95	553	0.1	0.6	0.568	0.57
ori_leb	Karyotype	304	95	554	0.9	1.0	0.885	0.867
shuff_leb	Karyotype	304	95	554	0.1	0.001	0.427	0.5
ori_leb	Karyotype	304	95	555	0.8	0.6	0.883	0.893
shuff_leb	Karyotype	304	95	555	0.8	0.1	0.497	0.558
ori_leb	Karyotype	304	95	556	0.1	1.0	0.886	0.902
shuff_leb	Karyotype	304	95	556	0.8	100.0	0.555	0.401
ori_leb	Karyotype	304	95	557	0.4	0.4	0.896	0.869
shuff_leb	Karyotype	304	95	557	0.4	0.4	0.515	0.509
ori_leb	Karyotype	304	95	558	0.2	0.1	0.888	0.893
shuff_leb	Karyotype	304	95	558	0.9	0.1	0.535	0.616
ori_leb	Karyotype	304	95	559	0.9	0.4	0.876	0.918
shuff_leb	Karyotype	304	95	559	0.8	0.1	0.485	0.517
ori_leb	Karyotype	304	95	560	0.8	1.0	0.908	0.877
shuff_leb	Karyotype	304	95	560	0.1	0.001	0.429	0.5
ori_leb	Karyotype	304	95	561	0.6	0.6	0.875	0.926
shuff_leb	Karyotype	304	95	561	0.8	0.6	0.5	0.562
ori_leb	Karyotype	304	95	562	0.4	0.2	0.906	0.869
shuff_leb	Karyotype	304	95	562	0.6	0.2	0.502	0.501
ori_leb	Karyotype	304	95	563	0.9	0.6	0.906	0.877
shuff_leb	Karyotype	304	95	563	0.2	1.0	0.512	0.552
ori_leb	Karyotype	304	95	564	0.9	0.6	0.885	0.918
shuff_leb	Karyotype	304	95	564	0.6	0.2	0.531	0.448
ori_leb	Karyotype	304	95	565	0.4	0.2	0.875	0.884
shuff_leb	Karyotype	304	95	565	0.1	0.001	0.468	0.5
ori_leb	Karyotype	304	95	566	0.6	0.6	0.912	0.877
shuff_leb	Karyotype	304	95	566	0.1	0.2	0.523	0.476
ori_leb	Karyotype	304	95	567	0.2	0.2	0.876	0.934
shuff_leb	Karyotype	304	95	567	0.6	0.4	0.499	0.632
ori_leb	Karyotype	304	95	568	0.6	0.4	0.875	0.926
shuff_leb	Karyotype	304	95	568	0.2	10.0	0.5	0.415
ori_leb	Karyotype	304	95	569	0.1	0.1	0.871	0.885
shuff_leb	Karyotype	304	95	569	0.8	0.1	0.497	0.434
ori_leb	Karyotype	304	95	570	0.4	0.4	0.906	0.861
shuff_leb	Karyotype	304	95	570	0.8	0.1	0.459	0.594
ori_leb	Karyotype	304	95	571	0.9	0.4	0.885	0.869
shuff_leb	Karyotype	304	95	571	0.2	0.2	0.481	0.503
ori_leb	Karyotype	304	95	572	0.8	0.2	0.867	0.867
shuff_leb	Karyotype	304	95	572	0.6	100.0	0.49	0.509
ori_leb	Karyotype	304	95	573	0.8	0.2	0.878	0.918
shuff_leb	Karyotype	304	95	573	0.9	0.1	0.531	0.563
ori_leb	Karyotype	304	95	574	0.4	1.0	0.902	0.869
shuff_leb	Karyotype	304	95	574	0.1	0.001	0.463	0.5
ori_leb	Karyotype	304	95	575	0.6	0.4	0.871	0.934
shuff_leb	Karyotype	304	95	575	0.8	0.6	0.606	0.553
ori_leb	Karyotype	304	95	576	0.4	0.1	0.887	0.867
shuff_leb	Karyotype	304	95	576	0.1	0.001	0.448	0.5
ori_leb	Karyotype	304	95	577	0.9	1.0	0.878	0.877
shuff_leb	Karyotype	304	95	577	0.8	0.1	0.473	0.432
ori_leb	Karyotype	304	95	578	0.8	0.4	0.878	0.943
shuff_leb	Karyotype	304	95	578	0.9	0.1	0.422	0.465
ori_leb	Karyotype	304	95	579	0.6	0.2	0.885	0.843
shuff_leb	Karyotype	304	95	579	0.8	0.1	0.474	0.566
ori_leb	Karyotype	304	95	580	0.4	0.1	0.875	0.926
shuff_leb	Karyotype	304	95	580	0.1	0.001	0.496	0.5
ori_leb	Karyotype	304	95	581	0.4	0.2	0.891	0.902
shuff_leb	Karyotype	304	95	581	0.4	100.0	0.483	0.513
ori_leb	Karyotype	304	95	582	0.8	0.2	0.867	0.902
shuff_leb	Karyotype	304	95	582	0.8	100.0	0.484	0.606
ori_leb	Karyotype	304	95	583	0.4	0.2	0.885	0.885
shuff_leb	Karyotype	304	95	583	0.6	0.6	0.506	0.596
ori_leb	Karyotype	304	95	584	0.9	1.0	0.906	0.902
shuff_leb	Karyotype	304	95	584	0.9	0.1	0.5	0.516
ori_leb	Karyotype	304	95	585	0.4	0.2	0.906	0.834
shuff_leb	Karyotype	304	95	585	0.8	0.1	0.5	0.509
ori_leb	Karyotype	304	95	586	0.8	0.4	0.876	0.926
shuff_leb	Karyotype	304	95	586	0.9	0.1	0.473	0.422
ori_leb	Karyotype	304	95	587	0.9	0.6	0.888	0.861
shuff_leb	Karyotype	304	95	587	0.9	0.1	0.508	0.647
ori_leb	Karyotype	304	95	588	0.8	1.0	0.898	0.918
shuff_leb	Karyotype	304	95	588	0.8	0.6	0.527	0.448
ori_leb	Karyotype	304	95	589	0.6	0.6	0.867	0.943
shuff_leb	Karyotype	304	95	589	0.9	0.1	0.49	0.535
ori_leb	Karyotype	304	95	590	0.9	1.0	0.892	0.869
shuff_leb	Karyotype	304	95	590	0.6	10.0	0.513	0.397
ori_leb	Karyotype	304	95	591	0.1	0.1	0.885	0.926
shuff_leb	Karyotype	304	95	591	0.1	1000.0	0.524	0.562
ori_leb	Karyotype	304	95	592	0.9	0.6	0.896	0.902
shuff_leb	Karyotype	304	95	592	0.9	0.1	0.458	0.478
ori_leb	Karyotype	304	95	593	0.9	0.6	0.888	0.893
shuff_leb	Karyotype	304	95	593	0.9	0.1	0.506	0.525
ori_leb	Karyotype	304	95	594	0.8	0.6	0.862	0.902
shuff_leb	Karyotype	304	95	594	0.2	0.1	0.537	0.563
ori_leb	Karyotype	304	95	595	0.4	0.6	0.878	0.902
shuff_leb	Karyotype	304	95	595	0.4	0.6	0.562	0.578
ori_leb	Karyotype	304	95	596	0.9	1.0	0.888	0.934
shuff_leb	Karyotype	304	95	596	0.4	10.0	0.519	0.501
ori_leb	Karyotype	304	95	597	0.8	1.0	0.878	0.91
shuff_leb	Karyotype	304	95	597	0.9	0.1	0.484	0.501
ori_leb	Karyotype	304	95	598	0.9	1.0	0.895	0.893
shuff_leb	Karyotype	304	95	598	0.1	0.2	0.524	0.468
ori_leb	Karyotype	304	95	599	0.1	0.2	0.865	0.959
shuff_leb	Karyotype	304	95	599	0.9	0.1	0.508	0.396
ori_leb	Karyotype	304	95	600	0.4	0.4	0.896	0.902
shuff_leb	Karyotype	304	95	600	0.4	0.1	0.5	0.509
ori_leb	Karyotype	304	95	601	0.1	0.2	0.888	0.934
shuff_leb	Karyotype	304	95	601	0.1	0.001	0.481	0.5
ori_leb	Karyotype	304	95	602	0.8	0.4	0.867	0.943
shuff_leb	Karyotype	304	95	602	0.8	0.1	0.499	0.519
ori_leb	Karyotype	304	95	603	0.1	0.2	0.881	0.877
shuff_leb	Karyotype	304	95	603	0.4	0.6	0.501	0.424
ori_leb	Karyotype	304	95	604	0.4	0.1	0.856	0.893
shuff_leb	Karyotype	304	95	604	0.9	0.1	0.51	0.456
ori_leb	Karyotype	304	95	605	0.9	0.4	0.883	0.877
shuff_leb	Karyotype	304	95	605	0.9	0.1	0.461	0.507
ori_leb	Karyotype	304	95	606	0.8	0.4	0.893	0.902
shuff_leb	Karyotype	304	95	606	0.1	0.001	0.433	0.5
ori_leb	Karyotype	304	95	607	0.6	0.2	0.888	0.91
shuff_leb	Karyotype	304	95	607	0.4	0.6	0.516	0.519
ori_leb	Karyotype	304	95	608	0.4	0.6	0.888	0.869
shuff_leb	Karyotype	304	95	608	0.8	1.0	0.499	0.425
ori_leb	Karyotype	304	95	609	0.6	0.2	0.875	0.934
shuff_leb	Karyotype	304	95	609	0.6	0.1	0.476	0.486
ori_leb	Karyotype	304	95	610	0.9	0.4	0.875	0.926
shuff_leb	Karyotype	304	95	610	0.9	0.1	0.5	0.542
ori_leb	Karyotype	304	95	611	0.4	1.0	0.892	0.918
shuff_leb	Karyotype	304	95	611	0.1	0.001	0.479	0.5
ori_leb	Karyotype	304	95	612	0.1	0.2	0.875	0.959
shuff_leb	Karyotype	304	95	612	0.1	0.001	0.474	0.5
ori_leb	Karyotype	304	95	613	0.8	1.0	0.898	0.91
shuff_leb	Karyotype	304	95	613	0.8	0.1	0.452	0.509
ori_leb	Karyotype	304	95	614	0.8	10.0	0.875	0.91
shuff_leb	Karyotype	304	95	614	0.8	0.1	0.534	0.506
ori_leb	Karyotype	304	95	615	0.8	0.6	0.897	0.918
shuff_leb	Karyotype	304	95	615	0.8	0.1	0.491	0.514
ori_leb	Karyotype	304	95	616	0.9	0.4	0.876	0.91
shuff_leb	Karyotype	304	95	616	0.9	0.2	0.573	0.473
ori_leb	Karyotype	304	95	617	0.9	0.6	0.887	0.893
shuff_leb	Karyotype	304	95	617	0.9	0.4	0.5	0.507
ori_leb	Karyotype	304	95	618	0.6	0.1	0.861	0.918
shuff_leb	Karyotype	304	95	618	0.9	0.1	0.501	0.509
ori_leb	Karyotype	304	95	619	0.9	0.4	0.875	0.885
shuff_leb	Karyotype	304	95	619	0.9	0.1	0.501	0.576
ori_leb	Karyotype	304	95	620	0.1	0.2	0.878	0.934
shuff_leb	Karyotype	304	95	620	0.2	0.6	0.518	0.563
ori_leb	Karyotype	304	95	621	0.2	0.6	0.888	0.926
shuff_leb	Karyotype	304	95	621	0.4	100.0	0.532	0.57
ori_leb	Karyotype	304	95	622	0.9	1.0	0.898	0.869
shuff_leb	Karyotype	304	95	622	0.6	0.1	0.519	0.517
ori_leb	Karyotype	304	95	623	0.2	0.1	0.867	0.902
shuff_leb	Karyotype	304	95	623	0.6	0.2	0.512	0.373
ori_leb	Karyotype	304	95	624	0.4	0.4	0.867	0.877
shuff_leb	Karyotype	304	95	624	0.2	0.6	0.508	0.45
ori_leb	Karyotype	304	95	625	0.6	0.6	0.888	0.893
shuff_leb	Karyotype	304	95	625	0.2	0.1	0.5	0.509
ori_leb	Karyotype	304	95	626	0.1	0.6	0.888	0.91
shuff_leb	Karyotype	304	95	626	0.1	0.001	0.479	0.5
ori_leb	Karyotype	304	95	627	0.4	0.2	0.857	0.926
shuff_leb	Karyotype	304	95	627	0.6	1000.0	0.531	0.598
ori_leb	Karyotype	304	95	628	0.4	0.2	0.888	0.934
shuff_leb	Karyotype	304	95	628	0.9	0.2	0.465	0.432
ori_leb	Karyotype	304	95	629	0.4	0.2	0.857	0.91
shuff_leb	Karyotype	304	95	629	0.4	0.1	0.5	0.338
ori_leb	Karyotype	304	95	630	0.8	0.6	0.887	0.893
shuff_leb	Karyotype	304	95	630	0.1	1000.0	0.468	0.46
ori_leb	Karyotype	304	95	631	0.8	0.4	0.878	0.902
shuff_leb	Karyotype	304	95	631	0.1	0.001	0.49	0.5
ori_leb	Karyotype	304	95	632	0.2	0.4	0.898	0.869
shuff_leb	Karyotype	304	95	632	0.1	0.001	0.474	0.5
ori_leb	Karyotype	304	95	633	0.9	0.6	0.876	0.885
shuff_leb	Karyotype	304	95	633	0.6	0.1	0.452	0.588
ori_leb	Karyotype	304	95	634	0.4	0.2	0.892	0.926
shuff_leb	Karyotype	304	95	634	0.9	0.1	0.485	0.524
ori_leb	Karyotype	304	95	635	0.9	0.4	0.888	0.861
shuff_leb	Karyotype	304	95	635	0.8	10.0	0.473	0.519
ori_leb	Karyotype	304	95	636	0.6	0.6	0.88	0.926
shuff_leb	Karyotype	304	95	636	0.6	0.1	0.427	0.463
ori_leb	Karyotype	304	95	637	0.8	0.1	0.883	0.818
shuff_leb	Karyotype	304	95	637	0.9	0.2	0.57	0.499
ori_leb	Karyotype	304	95	638	0.2	0.2	0.888	0.861
shuff_leb	Karyotype	304	95	638	0.8	100.0	0.515	0.545
ori_leb	Karyotype	304	95	639	0.8	0.2	0.857	0.885
shuff_leb	Karyotype	304	95	639	0.2	0.1	0.501	0.578
ori_leb	Karyotype	304	95	640	0.6	0.6	0.895	0.861
shuff_leb	Karyotype	304	95	640	0.1	0.1	0.545	0.484
ori_leb	Karyotype	304	95	641	0.8	100.0	0.888	0.885
shuff_leb	Karyotype	304	95	641	0.9	0.2	0.503	0.391
ori_leb	Karyotype	304	95	642	0.4	0.2	0.885	0.893
shuff_leb	Karyotype	304	95	642	0.9	0.4	0.519	0.466
ori_leb	Karyotype	304	95	643	0.4	0.4	0.872	0.893
shuff_leb	Karyotype	304	95	643	0.9	0.1	0.512	0.568
ori_leb	Karyotype	304	95	644	0.4	0.4	0.893	0.926
shuff_leb	Karyotype	304	95	644	0.1	0.001	0.461	0.5
ori_leb	Karyotype	304	95	645	0.9	1.0	0.867	0.934
shuff_leb	Karyotype	304	95	645	0.9	0.1	0.5	0.544
ori_leb	Karyotype	304	95	646	0.2	1.0	0.888	0.902
shuff_leb	Karyotype	304	95	646	0.1	0.001	0.46	0.5
ori_leb	Karyotype	304	95	647	0.1	0.2	0.902	0.844
shuff_leb	Karyotype	304	95	647	0.2	0.2	0.578	0.537
ori_leb	Karyotype	304	95	648	0.4	0.2	0.896	0.877
shuff_leb	Karyotype	304	95	648	0.9	0.4	0.512	0.476
ori_leb	Karyotype	304	95	649	0.8	0.6	0.871	0.918
shuff_leb	Karyotype	304	95	649	0.1	0.001	0.484	0.5
ori_leb	Karyotype	304	95	650	0.1	0.2	0.898	0.869
shuff_leb	Karyotype	304	95	650	0.8	0.2	0.535	0.531
ori_leb	Karyotype	304	95	651	0.6	0.4	0.875	0.918
shuff_leb	Karyotype	304	95	651	0.1	0.1	0.502	0.544
ori_leb	Karyotype	304	95	652	0.1	0.1	0.875	0.934
shuff_leb	Karyotype	304	95	652	0.1	0.001	0.461	0.5
ori_leb	Karyotype	304	95	653	0.6	0.2	0.875	0.91
shuff_leb	Karyotype	304	95	653	0.8	1.0	0.604	0.567
ori_leb	Karyotype	304	95	654	0.8	0.6	0.878	0.861
shuff_leb	Karyotype	304	95	654	0.9	0.2	0.454	0.562
ori_leb	Karyotype	304	95	655	0.4	1.0	0.878	0.91
shuff_leb	Karyotype	304	95	655	0.8	1.0	0.599	0.58
ori_leb	Karyotype	304	95	656	0.2	1.0	0.885	0.893
shuff_leb	Karyotype	304	95	656	0.1	0.001	0.488	0.5
ori_leb	Karyotype	304	95	657	0.1	0.2	0.888	0.885
shuff_leb	Karyotype	304	95	657	0.6	0.1	0.553	0.563
ori_leb	Karyotype	304	95	658	0.8	1.0	0.908	0.893
shuff_leb	Karyotype	304	95	658	0.6	1000.0	0.498	0.547
ori_leb	Karyotype	304	95	659	0.4	0.1	0.872	0.859
shuff_leb	Karyotype	304	95	659	0.6	0.1	0.49	0.507
ori_leb	Karyotype	304	95	660	0.2	0.2	0.885	0.918
shuff_leb	Karyotype	304	95	660	0.1	0.001	0.448	0.5
ori_leb	Karyotype	304	95	661	0.9	0.6	0.888	0.91
shuff_leb	Karyotype	304	95	661	0.9	0.1	0.5	0.509
ori_leb	Karyotype	304	95	662	0.6	0.6	0.875	0.918
shuff_leb	Karyotype	304	95	662	0.1	0.001	0.489	0.5
ori_leb	Karyotype	304	95	663	0.1	0.1	0.873	0.893
shuff_leb	Karyotype	304	95	663	0.8	10.0	0.525	0.517
ori_leb	Karyotype	304	95	664	0.8	0.6	0.885	0.91
shuff_leb	Karyotype	304	95	664	0.1	0.001	0.484	0.5
ori_leb	Karyotype	304	95	665	0.9	0.2	0.885	0.918
shuff_leb	Karyotype	304	95	665	0.8	0.1	0.505	0.527
ori_leb	Karyotype	304	95	666	0.4	0.1	0.878	0.867
shuff_leb	Karyotype	304	95	666	0.9	0.2	0.442	0.414
ori_leb	Karyotype	304	95	667	0.6	0.1	0.883	0.902
shuff_leb	Karyotype	304	95	667	0.9	10.0	0.538	0.562
ori_leb	Karyotype	304	95	668	0.8	0.1	0.867	0.861
shuff_leb	Karyotype	304	95	668	0.9	0.1	0.471	0.535
ori_leb	Karyotype	304	95	669	0.4	0.2	0.891	0.91
shuff_leb	Karyotype	304	95	669	0.6	10.0	0.557	0.43
ori_leb	Karyotype	304	95	670	0.6	0.4	0.888	0.902
shuff_leb	Karyotype	304	95	670	0.8	0.2	0.448	0.553
ori_leb	Karyotype	304	95	671	0.8	0.6	0.866	0.943
shuff_leb	Karyotype	304	95	671	0.6	0.6	0.527	0.57
ori_leb	Karyotype	304	95	672	0.4	0.2	0.878	0.926
shuff_leb	Karyotype	304	95	672	0.2	10.0	0.51	0.519
ori_leb	Karyotype	304	95	673	0.9	0.6	0.861	0.926
shuff_leb	Karyotype	304	95	673	0.1	0.1	0.468	0.46
ori_leb	Karyotype	304	95	674	0.4	0.1	0.888	0.867
shuff_leb	Karyotype	304	95	674	0.8	10.0	0.538	0.555
ori_leb	Karyotype	304	95	675	0.6	1.0	0.888	0.861
shuff_leb	Karyotype	304	95	675	0.1	0.001	0.427	0.5
ori_leb	Karyotype	304	95	676	0.8	1000.0	0.903	0.869
shuff_leb	Karyotype	304	95	676	0.1	0.6	0.544	0.535
ori_leb	Karyotype	304	95	677	0.9	1.0	0.896	0.918
shuff_leb	Karyotype	304	95	677	0.1	0.2	0.604	0.475
ori_leb	Karyotype	304	95	678	0.6	0.6	0.878	0.91
shuff_leb	Karyotype	304	95	678	0.1	0.1	0.517	0.493
ori_leb	Karyotype	304	95	679	0.6	1.0	0.888	0.902
shuff_leb	Karyotype	304	95	679	0.8	0.4	0.531	0.456
ori_leb	Karyotype	304	95	680	0.9	0.4	0.875	0.893
shuff_leb	Karyotype	304	95	680	0.9	0.1	0.49	0.509
ori_leb	Karyotype	304	95	681	0.9	0.6	0.888	0.893
shuff_leb	Karyotype	304	95	681	0.1	100.0	0.529	0.606
ori_leb	Karyotype	304	95	682	0.2	0.2	0.898	0.91
shuff_leb	Karyotype	304	95	682	0.8	0.1	0.545	0.534
ori_leb	Karyotype	304	95	683	0.1	0.1	0.888	0.869
shuff_leb	Karyotype	304	95	683	0.4	0.2	0.5	0.437
ori_leb	Karyotype	304	95	684	0.6	0.4	0.898	0.885
shuff_leb	Karyotype	304	95	684	0.4	0.2	0.506	0.391
ori_leb	Karyotype	304	95	685	0.1	0.1	0.857	0.943
shuff_leb	Karyotype	304	95	685	0.1	0.001	0.449	0.5
ori_leb	Karyotype	304	95	686	0.9	0.6	0.888	0.869
shuff_leb	Karyotype	304	95	686	0.1	0.001	0.437	0.5
ori_leb	Karyotype	304	95	687	0.2	0.2	0.881	0.902
shuff_leb	Karyotype	304	95	687	0.8	0.1	0.51	0.507
ori_leb	Karyotype	304	95	688	0.4	0.4	0.862	0.918
shuff_leb	Karyotype	304	95	688	0.1	0.2	0.44	0.529
ori_leb	Karyotype	304	95	689	0.6	0.4	0.888	0.859
shuff_leb	Karyotype	304	95	689	0.9	0.2	0.5	0.407
ori_leb	Karyotype	304	95	690	0.8	0.4	0.897	0.902
shuff_leb	Karyotype	304	95	690	0.4	1000.0	0.5	0.513
ori_leb	Karyotype	304	95	691	0.8	0.4	0.906	0.885
shuff_leb	Karyotype	304	95	691	0.9	0.1	0.465	0.397
ori_leb	Karyotype	304	95	692	0.1	0.2	0.887	0.893
shuff_leb	Karyotype	304	95	692	0.1	1000.0	0.532	0.434
ori_leb	Karyotype	304	95	693	0.8	0.2	0.908	0.867
shuff_leb	Karyotype	304	95	693	0.1	0.6	0.581	0.537
ori_leb	Karyotype	304	95	694	0.8	0.2	0.878	0.885
shuff_leb	Karyotype	304	95	694	0.9	0.2	0.512	0.475
ori_leb	Karyotype	304	95	695	0.1	0.2	0.866	0.893
shuff_leb	Karyotype	304	95	695	0.4	0.6	0.551	0.458
ori_leb	Karyotype	304	95	696	0.2	0.6	0.902	0.926
shuff_leb	Karyotype	304	95	696	0.6	1000.0	0.53	0.484
ori_leb	Karyotype	304	95	697	0.1	0.2	0.896	0.861
shuff_leb	Karyotype	304	95	697	0.9	1.0	0.54	0.56
ori_leb	Karyotype	304	95	698	0.6	0.6	0.875	0.869
shuff_leb	Karyotype	304	95	698	0.6	10.0	0.5	0.415
ori_leb	Karyotype	304	95	699	0.2	0.2	0.888	0.91
shuff_leb	Karyotype	304	95	699	0.8	1.0	0.538	0.511
ori_leb	Karyotype	304	95	700	0.1	0.1	0.875	0.893
shuff_leb	Karyotype	304	95	700	0.8	0.2	0.494	0.458
ori_leb	Karyotype	304	95	701	0.2	0.4	0.875	0.877
shuff_leb	Karyotype	304	95	701	0.2	0.1	0.542	0.606
ori_leb	Karyotype	304	95	702	0.9	0.4	0.885	0.91
shuff_leb	Karyotype	304	95	702	0.6	1000.0	0.5	0.509
ori_leb	Karyotype	304	95	703	0.9	0.6	0.878	0.918
shuff_leb	Karyotype	304	95	703	0.9	1.0	0.5	0.432
ori_leb	Karyotype	304	95	704	0.4	0.1	0.885	0.884
shuff_leb	Karyotype	304	95	704	0.6	0.2	0.501	0.545
ori_leb	Karyotype	304	95	705	0.8	0.2	0.878	0.9
shuff_leb	Karyotype	304	95	705	0.6	0.1	0.506	0.483
ori_leb	Karyotype	304	95	706	0.9	0.4	0.885	0.893
shuff_leb	Karyotype	304	95	706	0.4	0.4	0.508	0.401
ori_leb	Karyotype	304	95	707	0.6	0.2	0.896	0.918
shuff_leb	Karyotype	304	95	707	0.1	0.2	0.474	0.466
ori_leb	Karyotype	304	95	708	0.6	0.4	0.898	0.926
shuff_leb	Karyotype	304	95	708	0.8	10.0	0.512	0.614
ori_leb	Karyotype	304	95	709	0.2	0.2	0.87	0.885
shuff_leb	Karyotype	304	95	709	0.9	0.1	0.591	0.45
ori_leb	Karyotype	304	95	710	0.6	0.4	0.885	0.869
shuff_leb	Karyotype	304	95	710	0.2	1.0	0.565	0.527
ori_leb	Karyotype	304	95	711	0.8	0.4	0.871	0.959
shuff_leb	Karyotype	304	95	711	0.9	0.1	0.502	0.473
ori_leb	Karyotype	304	95	712	0.2	0.4	0.88	0.934
shuff_leb	Karyotype	304	95	712	0.1	10.0	0.526	0.501
ori_leb	Karyotype	304	95	713	0.4	1.0	0.888	0.885
shuff_leb	Karyotype	304	95	713	0.6	0.4	0.5	0.466
ori_leb	Karyotype	304	95	714	0.9	1.0	0.867	0.902
shuff_leb	Karyotype	304	95	714	0.1	0.2	0.522	0.45
ori_leb	Karyotype	304	95	715	0.1	0.1	0.867	0.861
shuff_leb	Karyotype	304	95	715	0.1	0.4	0.534	0.56
ori_leb	Karyotype	304	95	716	0.1	0.1	0.876	0.902
shuff_leb	Karyotype	304	95	716	0.8	100.0	0.5	0.503
ori_leb	Karyotype	304	95	717	0.8	0.6	0.885	0.91
shuff_leb	Karyotype	304	95	717	0.1	1000.0	0.526	0.365
ori_leb	Karyotype	304	95	718	0.2	0.2	0.881	0.926
shuff_leb	Karyotype	304	95	718	0.1	0.001	0.44	0.5
ori_leb	Karyotype	304	95	719	0.9	0.4	0.898	0.877
shuff_leb	Karyotype	304	95	719	0.9	0.1	0.5	0.509
ori_leb	Karyotype	304	95	720	0.6	0.6	0.888	0.893
shuff_leb	Karyotype	304	95	720	0.2	0.1	0.5	0.417
ori_leb	Karyotype	304	95	721	0.4	0.4	0.906	0.902
shuff_leb	Karyotype	304	95	721	0.8	0.1	0.5	0.527
ori_leb	Karyotype	304	95	722	0.6	0.1	0.857	0.902
shuff_leb	Karyotype	304	95	722	0.4	0.1	0.505	0.475
ori_leb	Karyotype	304	95	723	0.4	0.1	0.875	0.934
shuff_leb	Karyotype	304	95	723	0.6	0.1	0.496	0.483
ori_leb	Karyotype	304	95	724	0.6	0.6	0.878	0.926
shuff_leb	Karyotype	304	95	724	0.6	0.1	0.475	0.534
ori_leb	Karyotype	304	95	725	0.6	0.6	0.896	0.893
shuff_leb	Karyotype	304	95	725	0.1	0.001	0.457	0.5
ori_leb	Karyotype	304	95	726	0.6	0.2	0.888	0.877
shuff_leb	Karyotype	304	95	726	0.9	0.2	0.491	0.562
ori_leb	Karyotype	304	95	727	0.8	0.2	0.854	0.902
shuff_leb	Karyotype	304	95	727	0.4	100.0	0.503	0.573
ori_leb	Karyotype	304	95	728	0.6	0.2	0.875	0.918
shuff_leb	Karyotype	304	95	728	0.8	0.2	0.538	0.511
ori_leb	Karyotype	304	95	729	0.6	0.2	0.865	0.959
shuff_leb	Karyotype	304	95	729	0.8	0.1	0.519	0.437
ori_leb	Karyotype	304	95	730	0.9	0.6	0.888	0.885
shuff_leb	Karyotype	304	95	730	0.4	10.0	0.547	0.509
ori_leb	Karyotype	304	95	731	0.1	0.1	0.888	0.926
shuff_leb	Karyotype	304	95	731	0.4	1.0	0.57	0.44
ori_leb	Karyotype	304	95	732	0.6	0.2	0.854	0.934
shuff_leb	Karyotype	304	95	732	0.6	1.0	0.494	0.598
ori_leb	Karyotype	304	95	733	0.9	0.2	0.883	0.828
shuff_leb	Karyotype	304	95	733	0.1	0.001	0.5	0.5
ori_leb	Karyotype	304	95	734	0.9	1.0	0.876	0.918
shuff_leb	Karyotype	304	95	734	0.4	0.2	0.482	0.509
ori_leb	Karyotype	304	95	735	0.8	0.6	0.912	0.852
shuff_leb	Karyotype	304	95	735	0.1	0.001	0.438	0.5
ori_leb	Karyotype	304	95	736	0.6	1.0	0.902	0.918
shuff_leb	Karyotype	304	95	736	0.9	0.4	0.5	0.555
ori_leb	Karyotype	304	95	737	0.4	0.1	0.867	0.875
shuff_leb	Karyotype	304	95	737	0.9	0.6	0.488	0.664
ori_leb	Karyotype	304	95	738	0.1	0.2	0.857	0.943
shuff_leb	Karyotype	304	95	738	0.4	0.6	0.561	0.509
ori_leb	Karyotype	304	95	739	0.4	0.6	0.878	0.91
shuff_leb	Karyotype	304	95	739	0.2	1000.0	0.516	0.424
ori_leb	Karyotype	304	95	740	0.4	0.4	0.898	0.885
shuff_leb	Karyotype	304	95	740	0.8	0.4	0.508	0.46
ori_leb	Karyotype	304	95	741	0.9	0.4	0.878	0.893
shuff_leb	Karyotype	304	95	741	0.2	0.4	0.535	0.553
ori_leb	Karyotype	304	95	742	0.8	0.2	0.885	0.869
shuff_leb	Karyotype	304	95	742	0.8	0.1	0.488	0.631
ori_leb	Karyotype	304	95	743	0.4	0.2	0.885	0.885
shuff_leb	Karyotype	304	95	743	0.2	1000.0	0.55	0.529
ori_leb	Karyotype	304	95	744	0.6	0.2	0.872	0.851
shuff_leb	Karyotype	304	95	744	0.1	0.001	0.453	0.5
ori_leb	Karyotype	304	95	745	0.2	0.4	0.857	0.91
shuff_leb	Karyotype	304	95	745	0.9	0.6	0.493	0.371
ori_leb	Karyotype	304	95	746	0.2	0.4	0.892	0.885
shuff_leb	Karyotype	304	95	746	0.9	0.2	0.532	0.507
ori_leb	Karyotype	304	95	747	0.8	0.2	0.878	0.877
shuff_leb	Karyotype	304	95	747	0.8	0.1	0.533	0.493
ori_leb	Karyotype	304	95	748	0.1	0.1	0.878	0.843
shuff_leb	Karyotype	304	95	748	0.8	0.1	0.458	0.503
ori_leb	Karyotype	304	95	749	0.2	0.2	0.876	0.934
shuff_leb	Karyotype	304	95	749	0.8	10.0	0.531	0.519
ori_leb	Karyotype	304	95	750	0.4	0.1	0.896	0.869
shuff_leb	Karyotype	304	95	750	0.1	0.1	0.562	0.624
ori_leb	Karyotype	304	95	751	0.4	0.2	0.878	0.875
shuff_leb	Karyotype	304	95	751	0.6	10.0	0.523	0.458
ori_leb	Karyotype	304	95	752	0.9	1.0	0.881	0.877
shuff_leb	Karyotype	304	95	752	0.8	0.1	0.552	0.529
ori_leb	Karyotype	304	95	753	0.6	0.4	0.878	0.893
shuff_leb	Karyotype	304	95	753	0.6	0.6	0.507	0.545
ori_leb	Karyotype	304	95	754	0.6	0.6	0.867	0.934
shuff_leb	Karyotype	304	95	754	0.9	1.0	0.577	0.594
ori_leb	Karyotype	304	95	755	0.2	0.1	0.867	0.893
shuff_leb	Karyotype	304	95	755	0.2	0.1	0.519	0.507
ori_leb	Karyotype	304	95	756	0.9	0.4	0.865	0.918
shuff_leb	Karyotype	304	95	756	0.8	0.1	0.514	0.455
ori_leb	Karyotype	304	95	757	0.8	0.4	0.867	0.918
shuff_leb	Karyotype	304	95	757	0.1	0.001	0.501	0.5
ori_leb	Karyotype	304	95	758	0.9	0.4	0.878	0.926
shuff_leb	Karyotype	304	95	758	0.8	0.4	0.537	0.501
ori_leb	Karyotype	304	95	759	0.1	0.1	0.875	0.934
shuff_leb	Karyotype	304	95	759	0.2	0.1	0.542	0.483
ori_leb	Karyotype	304	95	760	0.9	0.6	0.885	0.867
shuff_leb	Karyotype	304	95	760	0.6	0.4	0.51	0.496
ori_leb	Karyotype	304	95	761	0.9	0.6	0.875	0.926
shuff_leb	Karyotype	304	95	761	0.8	0.2	0.476	0.448
ori_leb	Karyotype	304	95	762	0.2	0.4	0.878	0.877
shuff_leb	Karyotype	304	95	762	0.1	100.0	0.504	0.511
ori_leb	Karyotype	304	95	763	0.9	0.2	0.878	0.934
shuff_leb	Karyotype	304	95	763	0.6	0.1	0.531	0.491
ori_leb	Karyotype	304	95	764	0.1	0.4	0.873	0.885
shuff_leb	Karyotype	304	95	764	0.9	0.1	0.5	0.55
ori_leb	Karyotype	304	95	765	0.8	1.0	0.906	0.893
shuff_leb	Karyotype	304	95	765	0.8	0.1	0.483	0.399
ori_leb	Karyotype	304	95	766	0.9	0.2	0.888	0.926
shuff_leb	Karyotype	304	95	766	0.6	0.2	0.5	0.501
ori_leb	Karyotype	304	95	767	0.6	0.6	0.888	0.877
shuff_leb	Karyotype	304	95	767	0.6	0.1	0.501	0.493
ori_leb	Karyotype	304	95	768	0.4	0.4	0.854	0.91
shuff_leb	Karyotype	304	95	768	0.9	0.4	0.473	0.517
ori_leb	Karyotype	304	95	769	0.8	0.2	0.876	0.926
shuff_leb	Karyotype	304	95	769	0.1	1000.0	0.508	0.544
ori_leb	Karyotype	304	95	770	0.1	1.0	0.896	0.861
shuff_leb	Karyotype	304	95	770	0.1	0.001	0.479	0.5
ori_leb	Karyotype	304	95	771	0.8	0.6	0.885	0.877
shuff_leb	Karyotype	304	95	771	0.9	0.1	0.478	0.435
ori_leb	Karyotype	304	95	772	0.9	1.0	0.896	0.885
shuff_leb	Karyotype	304	95	772	0.8	1000.0	0.521	0.486
ori_leb	Karyotype	304	95	773	0.4	10.0	0.867	0.943
shuff_leb	Karyotype	304	95	773	0.6	0.6	0.515	0.519
ori_leb	Karyotype	304	95	774	0.4	1.0	0.887	0.902
shuff_leb	Karyotype	304	95	774	0.6	1.0	0.585	0.539
ori_leb	Karyotype	304	95	775	0.9	0.4	0.878	0.902
shuff_leb	Karyotype	304	95	775	0.9	0.1	0.46	0.434
ori_leb	Karyotype	304	95	776	0.8	0.4	0.902	0.852
shuff_leb	Karyotype	304	95	776	0.6	0.2	0.5	0.549
ori_leb	Karyotype	304	95	777	0.2	0.1	0.898	0.926
shuff_leb	Karyotype	304	95	777	0.4	0.6	0.552	0.501
ori_leb	Karyotype	304	95	778	0.9	0.6	0.898	0.893
shuff_leb	Karyotype	304	95	778	0.6	0.1	0.515	0.448
ori_leb	Karyotype	304	95	779	0.9	0.2	0.867	0.959
shuff_leb	Karyotype	304	95	779	0.1	0.1	0.503	0.509
ori_leb	Karyotype	304	95	780	0.1	0.1	0.844	0.934
shuff_leb	Karyotype	304	95	780	0.2	0.4	0.488	0.448
ori_leb	Karyotype	304	95	781	0.8	10.0	0.887	0.877
shuff_leb	Karyotype	304	95	781	0.2	0.6	0.502	0.458
ori_leb	Karyotype	304	95	782	0.6	0.6	0.897	0.852
shuff_leb	Karyotype	304	95	782	0.2	0.1	0.49	0.499
ori_leb	Karyotype	304	95	783	0.9	0.4	0.885	0.902
shuff_leb	Karyotype	304	95	783	0.1	1000.0	0.521	0.486
ori_leb	Karyotype	304	95	784	0.6	0.2	0.875	0.916
shuff_leb	Karyotype	304	95	784	0.8	0.2	0.527	0.588
ori_leb	Karyotype	304	95	785	0.2	0.2	0.885	0.902
shuff_leb	Karyotype	304	95	785	0.9	0.2	0.484	0.363
ori_leb	Karyotype	304	95	786	0.9	0.6	0.888	0.869
shuff_leb	Karyotype	304	95	786	0.2	1.0	0.527	0.552
ori_leb	Karyotype	304	95	787	0.4	0.1	0.87	0.9
shuff_leb	Karyotype	304	95	787	0.2	0.1	0.49	0.491
ori_leb	Karyotype	304	95	788	0.9	0.6	0.897	0.91
shuff_leb	Karyotype	304	95	788	0.1	10.0	0.526	0.519
ori_leb	Karyotype	304	95	789	0.8	10.0	0.875	0.943
shuff_leb	Karyotype	304	95	789	0.9	0.1	0.462	0.54
ori_leb	Karyotype	304	95	790	0.4	1.0	0.875	0.902
shuff_leb	Karyotype	304	95	790	0.1	0.4	0.501	0.621
ori_leb	Karyotype	304	95	791	0.4	0.6	0.875	0.902
shuff_leb	Karyotype	304	95	791	0.9	0.1	0.531	0.468
ori_leb	Karyotype	304	95	792	0.6	0.6	0.885	0.902
shuff_leb	Karyotype	304	95	792	0.1	0.001	0.451	0.5
ori_leb	Karyotype	304	95	793	0.1	10.0	0.867	0.91
shuff_leb	Karyotype	304	95	793	0.1	0.6	0.496	0.397
ori_leb	Karyotype	304	95	794	0.4	0.1	0.857	0.918
shuff_leb	Karyotype	304	95	794	0.9	0.1	0.5	0.613
ori_leb	Karyotype	304	95	795	0.6	0.2	0.857	0.91
shuff_leb	Karyotype	304	95	795	0.6	10.0	0.479	0.468
ori_leb	Karyotype	304	95	796	0.4	0.6	0.898	0.861
shuff_leb	Karyotype	304	95	796	0.6	1.0	0.521	0.511
ori_leb	Karyotype	304	95	797	0.6	1.0	0.878	0.893
shuff_leb	Karyotype	304	95	797	0.1	0.001	0.455	0.5
ori_leb	Karyotype	304	95	798	0.6	0.2	0.888	0.869
shuff_leb	Karyotype	304	95	798	0.1	0.001	0.445	0.5
ori_leb	Karyotype	304	95	799	0.9	0.6	0.898	0.852
shuff_leb	Karyotype	304	95	799	0.2	1000.0	0.471	0.594
ori_leb	Karyotype	304	95	800	0.8	0.1	0.865	0.857
shuff_leb	Karyotype	304	95	800	0.4	0.1	0.491	0.484
ori_leb	Karyotype	304	95	801	0.6	0.4	0.896	0.918
shuff_leb	Karyotype	304	95	801	0.2	0.6	0.502	0.588
ori_leb	Karyotype	304	95	802	0.1	0.2	0.883	0.91
shuff_leb	Karyotype	304	95	802	0.1	10.0	0.552	0.519
ori_leb	Karyotype	304	95	803	0.1	0.2	0.878	0.885
shuff_leb	Karyotype	304	95	803	0.6	0.4	0.512	0.598
ori_leb	Karyotype	304	95	804	0.8	0.2	0.865	0.943
shuff_leb	Karyotype	304	95	804	0.8	1000.0	0.487	0.562
ori_leb	Karyotype	304	95	805	0.6	0.2	0.888	0.851
shuff_leb	Karyotype	304	95	805	0.9	0.1	0.52	0.494
ori_leb	Karyotype	304	95	806	0.1	0.2	0.875	0.902
shuff_leb	Karyotype	304	95	806	0.9	0.2	0.46	0.422
ori_leb	Karyotype	304	95	807	0.9	0.4	0.898	0.877
shuff_leb	Karyotype	304	95	807	0.1	100.0	0.5	0.415
ori_leb	Karyotype	304	95	808	0.2	0.1	0.867	0.91
shuff_leb	Karyotype	304	95	808	0.6	0.2	0.581	0.511
ori_leb	Karyotype	304	95	809	0.2	0.4	0.888	0.885
shuff_leb	Karyotype	304	95	809	0.8	0.1	0.54	0.517
ori_leb	Karyotype	304	95	810	0.9	0.6	0.876	0.926
shuff_leb	Karyotype	304	95	810	0.1	1000.0	0.466	0.484
ori_leb	Karyotype	304	95	811	0.8	0.4	0.888	0.926
shuff_leb	Karyotype	304	95	811	0.8	0.1	0.485	0.442
ori_leb	Karyotype	304	95	812	0.8	0.2	0.856	0.893
shuff_leb	Karyotype	304	95	812	0.1	1.0	0.489	0.358
ori_leb	Karyotype	304	95	813	0.6	0.4	0.888	0.893
shuff_leb	Karyotype	304	95	813	0.2	0.1	0.468	0.443
ori_leb	Karyotype	304	95	814	0.2	0.1	0.867	0.885
shuff_leb	Karyotype	304	95	814	0.1	10.0	0.522	0.545
ori_leb	Karyotype	304	95	815	0.2	0.2	0.907	0.893
shuff_leb	Karyotype	304	95	815	0.8	0.4	0.53	0.458
ori_leb	Karyotype	304	95	816	0.6	0.2	0.875	0.875
shuff_leb	Karyotype	304	95	816	0.1	0.001	0.464	0.5
ori_leb	Karyotype	304	95	817	0.6	0.2	0.881	0.902
shuff_leb	Karyotype	304	95	817	0.4	0.1	0.469	0.517
ori_leb	Karyotype	304	95	818	0.6	0.6	0.888	0.902
shuff_leb	Karyotype	304	95	818	0.8	1.0	0.499	0.6
ori_leb	Karyotype	304	95	819	0.9	0.4	0.876	0.877
shuff_leb	Karyotype	304	95	819	0.1	0.001	0.432	0.5
ori_leb	Karyotype	304	95	820	0.6	0.2	0.888	0.869
shuff_leb	Karyotype	304	95	820	0.9	0.4	0.573	0.47
ori_leb	Karyotype	304	95	821	0.2	0.1	0.885	0.943
shuff_leb	Karyotype	304	95	821	0.6	0.1	0.491	0.468
ori_leb	Karyotype	304	95	822	0.9	0.6	0.878	0.893
shuff_leb	Karyotype	304	95	822	0.1	0.1	0.556	0.552
ori_leb	Karyotype	304	95	823	0.1	0.1	0.867	0.943
shuff_leb	Karyotype	304	95	823	0.2	0.1	0.581	0.46
ori_leb	Karyotype	304	95	824	0.1	0.4	0.875	0.877
shuff_leb	Karyotype	304	95	824	0.1	0.001	0.465	0.5
ori_leb	Karyotype	304	95	825	0.6	0.2	0.854	0.902
shuff_leb	Karyotype	304	95	825	0.6	0.2	0.527	0.537
ori_leb	Karyotype	304	95	826	0.4	0.4	0.898	0.885
shuff_leb	Karyotype	304	95	826	0.1	1000.0	0.501	0.566
ori_leb	Karyotype	304	95	827	0.8	0.6	0.907	0.902
shuff_leb	Karyotype	304	95	827	0.2	0.2	0.522	0.44
ori_leb	Karyotype	304	95	828	0.1	0.2	0.876	0.885
shuff_leb	Karyotype	304	95	828	0.1	1000.0	0.524	0.466
ori_leb	Karyotype	304	95	829	0.8	0.6	0.883	0.91
shuff_leb	Karyotype	304	95	829	0.6	0.1	0.524	0.655
ori_leb	Karyotype	304	95	830	0.4	0.1	0.844	0.926
shuff_leb	Karyotype	304	95	830	0.8	0.1	0.499	0.507
ori_leb	Karyotype	304	95	831	0.1	0.1	0.897	0.893
shuff_leb	Karyotype	304	95	831	0.9	0.1	0.456	0.501
ori_leb	Karyotype	304	95	832	0.9	0.2	0.888	0.902
shuff_leb	Karyotype	304	95	832	0.2	100.0	0.506	0.527
ori_leb	Karyotype	304	95	833	0.8	0.2	0.908	0.843
shuff_leb	Karyotype	304	95	833	0.6	0.1	0.49	0.493
ori_leb	Karyotype	304	95	834	0.4	0.2	0.875	0.893
shuff_leb	Karyotype	304	95	834	0.1	0.001	0.439	0.5
ori_leb	Karyotype	304	95	835	0.9	0.4	0.887	0.875
shuff_leb	Karyotype	304	95	835	0.1	0.001	0.491	0.5
ori_leb	Karyotype	304	95	836	0.9	0.2	0.847	0.91
shuff_leb	Karyotype	304	95	836	0.1	0.001	0.506	0.5
ori_leb	Karyotype	304	95	837	0.9	1.0	0.867	0.893
shuff_leb	Karyotype	304	95	837	0.2	0.4	0.518	0.588
ori_leb	Karyotype	304	95	838	0.8	0.4	0.876	0.91
shuff_leb	Karyotype	304	95	838	0.9	0.1	0.5	0.503
ori_leb	Karyotype	304	95	839	0.2	0.1	0.893	0.902
shuff_leb	Karyotype	304	95	839	0.1	1000.0	0.483	0.414
ori_leb	Karyotype	304	95	840	0.4	1.0	0.908	0.918
shuff_leb	Karyotype	304	95	840	0.9	0.1	0.542	0.527
ori_leb	Karyotype	304	95	841	0.4	1.0	0.896	0.852
shuff_leb	Karyotype	304	95	841	0.9	0.1	0.509	0.563
ori_leb	Karyotype	304	95	842	0.2	0.2	0.888	0.869
shuff_leb	Karyotype	304	95	842	0.4	0.1	0.513	0.673
ori_leb	Karyotype	304	95	843	0.4	0.4	0.902	0.91
shuff_leb	Karyotype	304	95	843	0.4	0.1	0.542	0.44
ori_leb	Karyotype	304	95	844	0.1	0.1	0.887	0.893
shuff_leb	Karyotype	304	95	844	0.6	0.1	0.483	0.519
ori_leb	Karyotype	304	95	845	0.9	0.6	0.903	0.934
shuff_leb	Karyotype	304	95	845	0.1	0.001	0.471	0.5
ori_leb	Karyotype	304	95	846	0.9	0.6	0.857	0.877
shuff_leb	Karyotype	304	95	846	0.1	1000.0	0.51	0.588
ori_leb	Karyotype	304	95	847	0.2	0.1	0.88	0.91
shuff_leb	Karyotype	304	95	847	0.6	0.6	0.554	0.458
ori_leb	Karyotype	304	95	848	0.1	0.2	0.885	0.91
shuff_leb	Karyotype	304	95	848	0.9	0.6	0.604	0.511
ori_leb	Karyotype	304	95	849	0.6	0.2	0.88	0.892
shuff_leb	Karyotype	304	95	849	0.6	0.1	0.5	0.448
ori_leb	Karyotype	304	95	850	0.9	0.4	0.859	0.877
shuff_leb	Karyotype	304	95	850	0.8	0.1	0.49	0.552
ori_leb	Karyotype	304	95	851	0.4	0.1	0.888	0.902
shuff_leb	Karyotype	304	95	851	0.2	1000.0	0.51	0.527
ori_leb	Karyotype	304	95	852	0.8	0.4	0.866	0.885
shuff_leb	Karyotype	304	95	852	0.6	0.2	0.536	0.547
ori_leb	Karyotype	304	95	853	0.8	0.6	0.88	0.861
shuff_leb	Karyotype	304	95	853	0.8	0.2	0.508	0.452
ori_leb	Karyotype	304	95	854	0.1	0.1	0.857	0.926
shuff_leb	Karyotype	304	95	854	0.1	0.001	0.469	0.5
ori_leb	Karyotype	304	95	855	0.1	0.2	0.875	0.902
shuff_leb	Karyotype	304	95	855	0.2	0.6	0.54	0.521
ori_leb	Karyotype	304	95	856	0.2	0.2	0.875	0.902
shuff_leb	Karyotype	304	95	856	0.9	0.2	0.5	0.509
ori_leb	Karyotype	304	95	857	0.6	0.6	0.885	0.902
shuff_leb	Karyotype	304	95	857	0.8	0.4	0.506	0.544
ori_leb	Karyotype	304	95	858	0.8	0.4	0.875	0.926
shuff_leb	Karyotype	304	95	858	0.9	0.1	0.526	0.422
ori_leb	Karyotype	304	95	859	0.4	0.6	0.885	0.885
shuff_leb	Karyotype	304	95	859	0.2	1000.0	0.485	0.486
ori_leb	Karyotype	304	95	860	0.8	0.4	0.865	0.885
shuff_leb	Karyotype	304	95	860	0.8	0.1	0.509	0.44
ori_leb	Karyotype	304	95	861	0.1	0.1	0.874	0.885
shuff_leb	Karyotype	304	95	861	0.9	0.1	0.45	0.586
ori_leb	Karyotype	304	95	862	0.4	0.2	0.885	0.869
shuff_leb	Karyotype	304	95	862	0.9	0.6	0.51	0.486
ori_leb	Karyotype	304	95	863	0.2	0.1	0.867	0.902
shuff_leb	Karyotype	304	95	863	0.8	0.1	0.481	0.489
ori_leb	Karyotype	304	95	864	0.4	0.6	0.867	0.902
shuff_leb	Karyotype	304	95	864	0.8	0.2	0.462	0.617
ori_leb	Karyotype	304	95	865	0.9	0.2	0.888	0.885
shuff_leb	Karyotype	304	95	865	0.1	0.001	0.49	0.5
ori_leb	Karyotype	304	95	866	0.1	0.2	0.885	0.934
shuff_leb	Karyotype	304	95	866	0.1	0.001	0.448	0.5
ori_leb	Karyotype	304	95	867	0.9	0.4	0.875	0.869
shuff_leb	Karyotype	304	95	867	0.4	0.1	0.5	0.424
ori_leb	Karyotype	304	95	868	0.8	0.4	0.861	0.884
shuff_leb	Karyotype	304	95	868	0.4	10.0	0.535	0.389
ori_leb	Karyotype	304	95	869	0.9	0.6	0.878	0.926
shuff_leb	Karyotype	304	95	869	0.1	100.0	0.556	0.507
ori_leb	Karyotype	304	95	870	0.8	10.0	0.898	0.877
shuff_leb	Karyotype	304	95	870	0.1	100.0	0.515	0.453
ori_leb	Karyotype	304	95	871	0.6	0.6	0.898	0.844
shuff_leb	Karyotype	304	95	871	0.1	0.001	0.5	0.5
ori_leb	Karyotype	304	95	872	0.8	0.4	0.875	0.902
shuff_leb	Karyotype	304	95	872	0.1	0.001	0.491	0.5
ori_leb	Karyotype	304	95	873	0.9	0.4	0.867	0.91
shuff_leb	Karyotype	304	95	873	0.1	0.6	0.527	0.547
ori_leb	Karyotype	304	95	874	0.2	0.1	0.867	0.902
shuff_leb	Karyotype	304	95	874	0.8	0.1	0.498	0.442
ori_leb	Karyotype	304	95	875	0.8	0.6	0.891	0.918
shuff_leb	Karyotype	304	95	875	0.8	0.1	0.494	0.46
ori_leb	Karyotype	304	95	876	0.4	0.4	0.896	0.885
shuff_leb	Karyotype	304	95	876	0.4	1000.0	0.526	0.509
ori_leb	Karyotype	304	95	877	0.8	10.0	0.918	0.902
shuff_leb	Karyotype	304	95	877	0.6	0.2	0.527	0.466
ori_leb	Karyotype	304	95	878	0.2	0.4	0.875	0.918
shuff_leb	Karyotype	304	95	878	0.6	0.1	0.468	0.499
ori_leb	Karyotype	304	95	879	0.1	0.1	0.881	0.934
shuff_leb	Karyotype	304	95	879	0.8	0.1	0.481	0.525
ori_leb	Karyotype	304	95	880	0.4	0.2	0.875	0.943
shuff_leb	Karyotype	304	95	880	0.8	0.2	0.524	0.42
ori_leb	Karyotype	304	95	881	0.2	0.2	0.88	0.926
shuff_leb	Karyotype	304	95	881	0.9	0.4	0.506	0.468
ori_leb	Karyotype	304	95	882	0.2	0.1	0.896	0.91
shuff_leb	Karyotype	304	95	882	0.9	0.2	0.537	0.422
ori_leb	Karyotype	304	95	883	0.4	1.0	0.878	0.918
shuff_leb	Karyotype	304	95	883	0.2	0.2	0.571	0.542
ori_leb	Karyotype	304	95	884	0.4	0.1	0.878	0.91
shuff_leb	Karyotype	304	95	884	0.9	1.0	0.54	0.56
ori_leb	Karyotype	304	95	885	0.9	0.6	0.885	0.91
shuff_leb	Karyotype	304	95	885	0.8	0.1	0.499	0.453
ori_leb	Karyotype	304	95	886	0.2	0.1	0.873	0.918
shuff_leb	Karyotype	304	95	886	0.1	1.0	0.557	0.553
ori_leb	Karyotype	304	95	887	0.1	0.1	0.893	0.877
shuff_leb	Karyotype	304	95	887	0.8	0.2	0.494	0.503
ori_leb	Karyotype	304	95	888	0.8	1.0	0.888	0.885
shuff_leb	Karyotype	304	95	888	0.6	0.2	0.527	0.389
ori_leb	Karyotype	304	95	889	0.9	0.4	0.885	0.859
shuff_leb	Karyotype	304	95	889	0.1	0.4	0.542	0.563
ori_leb	Karyotype	304	95	890	0.4	0.1	0.885	0.902
shuff_leb	Karyotype	304	95	890	0.1	1000.0	0.47	0.434
ori_leb	Karyotype	304	95	891	0.4	0.6	0.888	0.861
shuff_leb	Karyotype	304	95	891	0.1	0.001	0.422	0.5
ori_leb	Karyotype	304	95	892	0.1	0.2	0.875	0.902
shuff_leb	Karyotype	304	95	892	0.6	0.2	0.471	0.649
ori_leb	Karyotype	304	95	893	0.2	0.1	0.888	0.885
shuff_leb	Karyotype	304	95	893	0.4	100.0	0.555	0.582
ori_leb	Karyotype	304	95	894	0.1	0.2	0.888	0.926
shuff_leb	Karyotype	304	95	894	0.6	1000.0	0.514	0.494
ori_leb	Karyotype	304	95	895	0.2	0.4	0.883	0.885
shuff_leb	Karyotype	304	95	895	0.1	0.6	0.527	0.493
ori_leb	Karyotype	304	95	896	0.2	0.1	0.883	0.885
shuff_leb	Karyotype	304	95	896	0.1	1.0	0.529	0.527
ori_leb	Karyotype	304	95	897	0.2	0.1	0.888	0.885
shuff_leb	Karyotype	304	95	897	0.1	0.001	0.427	0.5
ori_leb	Karyotype	304	95	898	0.6	0.6	0.878	0.877
shuff_leb	Karyotype	304	95	898	0.2	0.1	0.555	0.593
ori_leb	Karyotype	304	95	899	0.2	0.1	0.887	0.893
shuff_leb	Karyotype	304	95	899	0.1	0.001	0.452	0.5
ori_leb	Karyotype	304	95	900	0.1	0.4	0.878	0.869
shuff_leb	Karyotype	304	95	900	0.2	0.6	0.491	0.468
ori_leb	Karyotype	304	95	901	0.2	0.4	0.898	0.869
shuff_leb	Karyotype	304	95	901	0.1	0.001	0.484	0.5
ori_leb	Karyotype	304	95	902	0.6	0.4	0.878	0.926
shuff_leb	Karyotype	304	95	902	0.8	0.6	0.542	0.442
ori_leb	Karyotype	304	95	903	0.4	0.4	0.903	0.91
shuff_leb	Karyotype	304	95	903	0.1	0.1	0.47	0.631
ori_leb	Karyotype	304	95	904	0.2	0.1	0.871	0.885
shuff_leb	Karyotype	304	95	904	0.2	100.0	0.538	0.521
ori_leb	Karyotype	304	95	905	0.9	0.4	0.898	0.902
shuff_leb	Karyotype	304	95	905	0.1	1.0	0.494	0.519
ori_leb	Karyotype	304	95	906	0.2	0.2	0.888	0.91
shuff_leb	Karyotype	304	95	906	0.6	0.1	0.501	0.513
ori_leb	Karyotype	304	95	907	0.1	0.1	0.896	0.852
shuff_leb	Karyotype	304	95	907	0.4	1.0	0.5	0.572
ori_leb	Karyotype	304	95	908	0.8	0.2	0.867	0.892
shuff_leb	Karyotype	304	95	908	0.1	0.2	0.504	0.365
ori_leb	Karyotype	304	95	909	0.2	0.2	0.898	0.869
shuff_leb	Karyotype	304	95	909	0.2	0.2	0.525	0.534
ori_leb	Karyotype	304	95	910	0.6	0.4	0.867	0.943
shuff_leb	Karyotype	304	95	910	0.9	0.6	0.55	0.434
ori_leb	Karyotype	304	95	911	0.1	0.1	0.885	0.844
shuff_leb	Karyotype	304	95	911	0.8	0.4	0.576	0.458
ori_leb	Karyotype	304	95	912	0.1	0.2	0.906	0.893
shuff_leb	Karyotype	304	95	912	0.1	0.6	0.55	0.484
ori_leb	Karyotype	304	95	913	0.9	0.4	0.887	0.867
shuff_leb	Karyotype	304	95	913	0.6	0.1	0.478	0.486
ori_leb	Karyotype	304	95	914	0.4	0.2	0.878	0.877
shuff_leb	Karyotype	304	95	914	0.8	0.6	0.504	0.519
ori_leb	Karyotype	304	95	915	0.2	0.4	0.878	0.877
shuff_leb	Karyotype	304	95	915	0.9	0.4	0.522	0.627
ori_leb	Karyotype	304	95	916	0.1	0.4	0.875	0.869
shuff_leb	Karyotype	304	95	916	0.6	0.1	0.527	0.535
ori_leb	Karyotype	304	95	917	0.9	0.2	0.878	0.834
shuff_leb	Karyotype	304	95	917	0.9	0.2	0.46	0.45
ori_leb	Karyotype	304	95	918	0.2	0.2	0.888	0.893
shuff_leb	Karyotype	304	95	918	0.1	0.001	0.438	0.5
ori_leb	Karyotype	304	95	919	0.6	0.2	0.888	0.877
shuff_leb	Karyotype	304	95	919	0.9	0.2	0.496	0.517
ori_leb	Karyotype	304	95	920	0.4	0.1	0.878	0.943
shuff_leb	Karyotype	304	95	920	0.4	1000.0	0.501	0.596
ori_leb	Karyotype	304	95	921	0.2	0.2	0.867	0.918
shuff_leb	Karyotype	304	95	921	0.1	1000.0	0.519	0.519
ori_leb	Karyotype	304	95	922	0.9	0.4	0.875	0.902
shuff_leb	Karyotype	304	95	922	0.8	0.1	0.468	0.582
ori_leb	Karyotype	304	95	923	0.8	0.4	0.867	0.902
shuff_leb	Karyotype	304	95	923	0.9	0.1	0.44	0.442
ori_leb	Karyotype	304	95	924	0.1	0.1	0.885	0.877
shuff_leb	Karyotype	304	95	924	0.9	100.0	0.473	0.544
ori_leb	Karyotype	304	95	925	0.4	0.1	0.885	0.851
shuff_leb	Karyotype	304	95	925	0.4	0.1	0.5	0.537
ori_leb	Karyotype	304	95	926	0.2	0.1	0.847	0.885
shuff_leb	Karyotype	304	95	926	0.1	10.0	0.523	0.417
ori_leb	Karyotype	304	95	927	0.1	0.2	0.901	0.902
shuff_leb	Karyotype	304	95	927	0.4	100.0	0.494	0.509
ori_leb	Karyotype	304	95	928	0.9	0.2	0.888	0.885
shuff_leb	Karyotype	304	95	928	0.1	1.0	0.5	0.478
ori_leb	Karyotype	304	95	929	0.2	0.6	0.896	0.926
shuff_leb	Karyotype	304	95	929	0.6	0.1	0.506	0.46
ori_leb	Karyotype	304	95	930	0.6	0.2	0.885	0.902
shuff_leb	Karyotype	304	95	930	0.4	100.0	0.571	0.478
ori_leb	Karyotype	304	95	931	0.8	0.6	0.867	0.91
shuff_leb	Karyotype	304	95	931	0.9	0.1	0.51	0.424
ori_leb	Karyotype	304	95	932	0.4	0.4	0.888	0.91
shuff_leb	Karyotype	304	95	932	0.4	0.1	0.5	0.438
ori_leb	Karyotype	304	95	933	0.9	1.0	0.867	0.885
shuff_leb	Karyotype	304	95	933	0.9	0.1	0.435	0.425
ori_leb	Karyotype	304	95	934	0.6	0.4	0.892	0.91
shuff_leb	Karyotype	304	95	934	0.1	1000.0	0.5	0.57
ori_leb	Karyotype	304	95	935	0.8	0.6	0.881	0.926
shuff_leb	Karyotype	304	95	935	0.1	0.001	0.476	0.5
ori_leb	Karyotype	304	95	936	0.8	0.2	0.867	0.926
shuff_leb	Karyotype	304	95	936	0.1	0.4	0.51	0.463
ori_leb	Karyotype	304	95	937	0.8	0.6	0.881	0.918
shuff_leb	Karyotype	304	95	937	0.1	0.4	0.498	0.406
ori_leb	Karyotype	304	95	938	0.4	0.1	0.881	0.885
shuff_leb	Karyotype	304	95	938	0.1	100.0	0.5	0.442
ori_leb	Karyotype	304	95	939	0.1	0.1	0.898	0.852
shuff_leb	Karyotype	304	95	939	0.8	0.1	0.455	0.619
ori_leb	Karyotype	304	95	940	0.8	0.2	0.847	0.908
shuff_leb	Karyotype	304	95	940	0.9	1.0	0.494	0.501
ori_leb	Karyotype	304	95	941	0.6	0.2	0.875	0.885
shuff_leb	Karyotype	304	95	941	0.1	0.001	0.473	0.5
ori_leb	Karyotype	304	95	942	0.1	0.2	0.871	0.893
shuff_leb	Karyotype	304	95	942	0.2	0.4	0.5	0.501
ori_leb	Karyotype	304	95	943	0.1	0.1	0.888	0.885
shuff_leb	Karyotype	304	95	943	0.6	0.1	0.5	0.483
ori_leb	Karyotype	304	95	944	0.4	10.0	0.888	0.934
shuff_leb	Karyotype	304	95	944	0.9	10.0	0.548	0.399
ori_leb	Karyotype	304	95	945	0.6	0.1	0.867	0.918
shuff_leb	Karyotype	304	95	945	0.9	0.1	0.475	0.586
ori_leb	Karyotype	304	95	946	0.2	0.1	0.876	0.918
shuff_leb	Karyotype	304	95	946	0.6	0.4	0.521	0.452
ori_leb	Karyotype	304	95	947	0.8	0.4	0.881	0.9
shuff_leb	Karyotype	304	95	947	0.2	0.2	0.455	0.361
ori_leb	Karyotype	304	95	948	0.6	0.2	0.878	0.926
shuff_leb	Karyotype	304	95	948	0.9	0.2	0.438	0.434
ori_leb	Karyotype	304	95	949	0.6	0.2	0.881	0.877
shuff_leb	Karyotype	304	95	949	0.4	0.1	0.521	0.553
ori_leb	Karyotype	304	95	950	0.8	10.0	0.875	0.893
shuff_leb	Karyotype	304	95	950	0.6	0.2	0.49	0.517
ori_leb	Karyotype	304	95	951	0.4	0.1	0.865	0.893
shuff_leb	Karyotype	304	95	951	0.6	10.0	0.506	0.594
ori_leb	Karyotype	304	95	952	0.6	10.0	0.906	0.885
shuff_leb	Karyotype	304	95	952	0.6	0.1	0.537	0.509
ori_leb	Karyotype	304	95	953	0.8	0.1	0.854	0.918
shuff_leb	Karyotype	304	95	953	0.9	0.2	0.471	0.509
ori_leb	Karyotype	304	95	954	0.8	1.0	0.898	0.902
shuff_leb	Karyotype	304	95	954	0.8	0.1	0.483	0.417
ori_leb	Karyotype	304	95	955	0.4	0.1	0.857	0.902
shuff_leb	Karyotype	304	95	955	0.6	0.1	0.485	0.57
ori_leb	Karyotype	304	95	956	0.9	0.2	0.887	0.902
shuff_leb	Karyotype	304	95	956	0.2	0.2	0.514	0.468
ori_leb	Karyotype	304	95	957	0.6	0.2	0.898	0.859
shuff_leb	Karyotype	304	95	957	0.9	0.2	0.552	0.552
ori_leb	Karyotype	304	95	958	0.6	0.2	0.885	0.926
shuff_leb	Karyotype	304	95	958	0.8	0.4	0.49	0.476
ori_leb	Karyotype	304	95	959	0.2	0.4	0.875	0.893
shuff_leb	Karyotype	304	95	959	0.1	0.6	0.514	0.517
ori_leb	Karyotype	304	95	960	0.4	0.4	0.878	0.892
shuff_leb	Karyotype	304	95	960	0.1	0.001	0.446	0.5
ori_leb	Karyotype	304	95	961	0.8	0.4	0.893	0.926
shuff_leb	Karyotype	304	95	961	0.4	1000.0	0.55	0.529
ori_leb	Karyotype	304	95	962	0.2	0.1	0.878	0.885
shuff_leb	Karyotype	304	95	962	0.8	0.1	0.49	0.568
ori_leb	Karyotype	304	95	963	0.2	0.1	0.893	0.884
shuff_leb	Karyotype	304	95	963	0.4	0.6	0.555	0.476
ori_leb	Karyotype	304	95	964	0.2	0.4	0.898	0.885
shuff_leb	Karyotype	304	95	964	0.1	0.6	0.594	0.425
ori_leb	Karyotype	304	95	965	0.8	0.6	0.888	0.851
shuff_leb	Karyotype	304	95	965	0.8	0.1	0.538	0.489
ori_leb	Karyotype	304	95	966	0.4	0.1	0.885	0.893
shuff_leb	Karyotype	304	95	966	0.1	0.4	0.542	0.563
ori_leb	Karyotype	304	95	967	0.6	0.2	0.867	0.885
shuff_leb	Karyotype	304	95	967	0.6	1000.0	0.49	0.456
ori_leb	Karyotype	304	95	968	0.9	0.4	0.898	0.884
shuff_leb	Karyotype	304	95	968	0.6	1.0	0.526	0.484
ori_leb	Karyotype	304	95	969	0.1	0.1	0.865	0.893
shuff_leb	Karyotype	304	95	969	0.9	0.1	0.511	0.529
ori_leb	Karyotype	304	95	970	0.1	0.1	0.866	0.893
shuff_leb	Karyotype	304	95	970	0.9	0.4	0.462	0.555
ori_leb	Karyotype	304	95	971	0.9	0.4	0.867	0.926
shuff_leb	Karyotype	304	95	971	0.6	0.1	0.519	0.452
ori_leb	Karyotype	304	95	972	0.8	100.0	0.888	0.869
shuff_leb	Karyotype	304	95	972	0.1	0.4	0.5	0.527
ori_leb	Karyotype	304	95	973	0.8	0.4	0.876	0.91
shuff_leb	Karyotype	304	95	973	0.1	0.001	0.473	0.5
ori_leb	Karyotype	304	95	974	0.1	0.6	0.908	0.861
shuff_leb	Karyotype	304	95	974	0.2	0.1	0.5	0.45
ori_leb	Karyotype	304	95	975	0.4	0.4	0.867	0.877
shuff_leb	Karyotype	304	95	975	0.8	0.4	0.467	0.657
ori_leb	Karyotype	304	95	976	0.2	0.1	0.875	0.877
shuff_leb	Karyotype	304	95	976	0.8	0.1	0.514	0.553
ori_leb	Karyotype	304	95	977	0.9	0.4	0.878	0.852
shuff_leb	Karyotype	304	95	977	0.8	100.0	0.527	0.521
ori_leb	Karyotype	304	95	978	0.8	0.6	0.885	0.91
shuff_leb	Karyotype	304	95	978	0.4	0.1	0.558	0.578
ori_leb	Karyotype	304	95	979	0.9	1.0	0.888	0.91
shuff_leb	Karyotype	304	95	979	0.6	0.6	0.537	0.532
ori_leb	Karyotype	304	95	980	0.1	0.2	0.897	0.943
shuff_leb	Karyotype	304	95	980	0.8	0.1	0.463	0.491
ori_leb	Karyotype	304	95	981	0.2	0.4	0.878	0.885
shuff_leb	Karyotype	304	95	981	0.9	0.1	0.46	0.516
ori_leb	Karyotype	304	95	982	0.1	0.2	0.878	0.885
shuff_leb	Karyotype	304	95	982	0.9	0.1	0.462	0.516
ori_leb	Karyotype	304	95	983	0.9	0.6	0.875	0.893
shuff_leb	Karyotype	304	95	983	0.8	0.4	0.531	0.511
ori_leb	Karyotype	304	95	984	0.8	0.6	0.878	0.885
shuff_leb	Karyotype	304	95	984	0.9	0.2	0.468	0.434
ori_leb	Karyotype	304	95	985	0.4	0.2	0.878	0.918
shuff_leb	Karyotype	304	95	985	0.9	0.2	0.532	0.475
ori_leb	Karyotype	304	95	986	0.8	0.4	0.865	0.902
shuff_leb	Karyotype	304	95	986	0.6	0.4	0.51	0.43
ori_leb	Karyotype	304	95	987	0.4	0.2	0.885	0.877
shuff_leb	Karyotype	304	95	987	0.8	0.6	0.471	0.511
ori_leb	Karyotype	304	95	988	0.2	0.1	0.888	0.885
shuff_leb	Karyotype	304	95	988	0.2	1000.0	0.573	0.509
ori_leb	Karyotype	304	95	989	0.1	0.1	0.891	0.91
shuff_leb	Karyotype	304	95	989	0.1	0.001	0.427	0.5
ori_leb	Karyotype	304	95	990	0.2	0.2	0.885	0.902
shuff_leb	Karyotype	304	95	990	0.8	0.1	0.479	0.607
ori_leb	Karyotype	304	95	991	0.8	0.2	0.875	0.902
shuff_leb	Karyotype	304	95	991	0.9	1000.0	0.5	0.452
ori_leb	Karyotype	304	95	992	0.8	0.6	0.888	0.926
shuff_leb	Karyotype	304	95	992	0.8	0.1	0.5	0.524
ori_leb	Karyotype	304	95	993	0.8	0.2	0.885	0.893
shuff_leb	Karyotype	304	95	993	0.1	0.2	0.554	0.475
ori_leb	Karyotype	304	95	994	0.9	0.4	0.885	0.91
shuff_leb	Karyotype	304	95	994	0.1	1000.0	0.501	0.443
ori_leb	Karyotype	304	95	995	0.4	0.1	0.861	0.902
shuff_leb	Karyotype	304	95	995	0.1	10.0	0.5	0.381
ori_leb	Karyotype	304	95	996	0.2	0.1	0.88	0.91
shuff_leb	Karyotype	304	95	996	0.2	0.1	0.526	0.535
ori_leb	Karyotype	304	95	997	0.9	10.0	0.881	0.902
shuff_leb	Karyotype	304	95	997	0.8	0.1	0.494	0.534
ori_leb	Karyotype	304	95	998	0.6	0.6	0.866	0.885
shuff_leb	Karyotype	304	95	998	0.1	0.001	0.491	0.5
ori_leb	Karyotype	304	95	999	0.4	0.1	0.865	0.918
shuff_leb	Karyotype	304	95	999	0.1	0.2	0.513	0.371
