lebel_type	dis_co_occu	ran_ds_no	best_l1_ratio	best_C	best_cv_train_rmse	test_rmse
ori_leb	BMI	0	0.1	0.4	4.951	5.465
shuff_leb	BMI	0	0.1	1000.0	7.773	7.278
ori_leb	BMI	1	0.1	0.4	4.764	6.364
shuff_leb	BMI	1	0.9	1.0	7.745	7.403
ori_leb	BMI	2	0.1	0.4	4.547	7.054
shuff_leb	BMI	2	0.9	1.0	7.545	8.106
ori_leb	BMI	3	0.1	0.4	4.745	6.307
shuff_leb	BMI	3	0.1	1000.0	7.731	7.378
ori_leb	BMI	4	0.1	0.4	4.767	6.153
shuff_leb	BMI	4	0.1	1000.0	7.619	7.843
ori_leb	BMI	5	0.1	0.6	5.228	5.312
shuff_leb	BMI	5	0.6	1.0	7.827	7.578
ori_leb	BMI	6	0.1	0.6	5.158	5.545
shuff_leb	BMI	6	0.9	1.0	7.869	7.0
ori_leb	BMI	7	0.1	0.4	4.789	5.901
shuff_leb	BMI	7	0.9	1.0	7.595	8.104
ori_leb	BMI	8	0.1	0.6	5.15	5.692
shuff_leb	BMI	8	0.1	1000.0	7.742	7.329
ori_leb	BMI	9	0.2	0.4	5.025	5.436
shuff_leb	BMI	9	0.4	1.0	7.843	7.896
ori_leb	BMI	10	0.1	0.4	4.75	6.1
shuff_leb	BMI	10	0.8	1.0	7.887	6.731
ori_leb	BMI	11	0.1	0.6	5.183	5.954
shuff_leb	BMI	11	0.9	1.0	7.685	7.917
ori_leb	BMI	12	0.1	0.6	5.163	5.498
shuff_leb	BMI	12	0.9	1.0	7.598	7.644
ori_leb	BMI	13	0.1	0.6	4.941	6.488
shuff_leb	BMI	13	0.9	1.0	7.832	7.254
ori_leb	BMI	14	0.1	0.4	4.691	6.755
shuff_leb	BMI	14	0.2	1.0	7.293	9.062
ori_leb	BMI	15	0.1	0.4	4.757	6.568
shuff_leb	BMI	15	0.1	1000.0	7.563	8.035
ori_leb	BMI	16	0.1	0.4	4.734	6.59
shuff_leb	BMI	16	0.2	1.0	7.746	8.751
ori_leb	BMI	17	0.1	0.6	5.006	6.602
shuff_leb	BMI	17	0.1	1000.0	7.375	8.702
ori_leb	BMI	18	0.1	0.4	4.639	6.699
shuff_leb	BMI	18	0.6	1.0	7.323	8.9
ori_leb	BMI	19	0.1	0.4	4.93	6.043
shuff_leb	BMI	19	0.6	1.0	7.598	8.179
ori_leb	BMI	20	0.1	0.4	4.822	6.252
shuff_leb	BMI	20	0.1	1000.0	7.501	8.27
ori_leb	BMI	21	0.2	0.4	5.012	5.822
shuff_leb	BMI	21	0.8	1.0	7.734	7.688
ori_leb	BMI	22	0.1	0.4	4.856	5.626
shuff_leb	BMI	22	0.1	10.0	7.838	6.91
ori_leb	BMI	23	0.1	0.4	4.849	6.025
shuff_leb	BMI	23	0.1	1000.0	7.486	8.394
ori_leb	BMI	24	0.1	0.4	4.739	6.232
shuff_leb	BMI	24	0.1	1000.0	7.933	6.483
ori_leb	BMI	25	0.1	0.4	4.929	5.709
shuff_leb	BMI	25	0.1	1000.0	8.064	5.801
ori_leb	BMI	26	0.1	0.4	4.917	5.269
shuff_leb	BMI	26	0.1	1000.0	7.96	6.338
ori_leb	BMI	27	0.1	0.4	4.777	6.409
shuff_leb	BMI	27	0.1	1000.0	7.468	8.396
ori_leb	BMI	28	0.1	0.4	4.859	5.582
shuff_leb	BMI	28	0.1	1000.0	7.749	7.315
ori_leb	BMI	29	0.1	0.4	4.854	5.829
shuff_leb	BMI	29	0.1	1000.0	7.494	8.292
ori_leb	BMI	30	0.1	0.6	4.93	6.935
shuff_leb	BMI	30	0.9	0.6	7.303	9.181
ori_leb	BMI	31	0.1	0.4	4.685	6.77
shuff_leb	BMI	31	0.1	1000.0	7.744	7.326
ori_leb	BMI	32	0.1	0.6	4.952	6.299
shuff_leb	BMI	32	0.1	1000.0	7.68	7.603
ori_leb	BMI	33	0.1	0.4	4.776	6.123
shuff_leb	BMI	33	0.1	1000.0	7.588	7.959
ori_leb	BMI	34	0.1	0.4	4.724	6.129
shuff_leb	BMI	34	0.9	1.0	7.762	7.245
ori_leb	BMI	35	0.2	0.4	4.943	5.999
shuff_leb	BMI	35	0.1	1000.0	7.722	7.417
ori_leb	BMI	36	0.1	0.4	4.811	6.064
shuff_leb	BMI	36	0.1	1000.0	7.855	6.838
ori_leb	BMI	37	0.1	0.4	4.709	6.458
shuff_leb	BMI	37	0.9	1.0	7.546	8.16
ori_leb	BMI	38	0.1	0.4	4.959	5.222
shuff_leb	BMI	38	0.8	0.2	8.359	8.179
ori_leb	BMI	39	0.1	0.4	4.662	6.611
shuff_leb	BMI	39	0.1	1000.0	7.296	8.959
ori_leb	BMI	40	0.1	0.4	4.576	6.605
shuff_leb	BMI	40	0.1	1000.0	7.635	7.764
ori_leb	BMI	41	0.1	0.6	5.152	5.473
shuff_leb	BMI	41	0.1	10.0	7.849	6.872
ori_leb	BMI	42	0.1	0.4	4.717	6.25
shuff_leb	BMI	42	0.1	10.0	7.552	8.062
ori_leb	BMI	43	0.1	0.4	4.78	5.996
shuff_leb	BMI	43	0.9	1.0	7.731	7.37
ori_leb	BMI	44	0.1	0.6	5.066	5.806
shuff_leb	BMI	44	0.1	1000.0	7.623	7.808
ori_leb	BMI	45	0.1	0.2	4.329	7.058
shuff_leb	BMI	45	0.1	1000.0	7.423	8.561
ori_leb	BMI	46	0.1	0.4	4.753	6.011
shuff_leb	BMI	46	0.1	1000.0	7.83	6.971
ori_leb	BMI	47	0.1	0.4	4.925	5.432
shuff_leb	BMI	47	0.8	1.0	7.967	6.572
ori_leb	BMI	48	0.1	0.4	4.757	6.4
shuff_leb	BMI	48	0.1	10.0	7.561	8.041
ori_leb	BMI	49	0.1	0.6	5.061	6.306
shuff_leb	BMI	49	0.1	1000.0	7.675	7.634
ori_leb	BMI	50	0.1	0.6	5.014	6.334
shuff_leb	BMI	50	0.1	10.0	7.594	7.943
ori_leb	BMI	51	0.1	0.4	4.889	5.679
shuff_leb	BMI	51	0.1	1000.0	7.83	6.954
ori_leb	BMI	52	0.1	0.6	4.87	6.756
shuff_leb	BMI	52	0.1	1000.0	7.514	8.226
ori_leb	BMI	53	0.1	0.6	4.939	6.514
shuff_leb	BMI	53	0.1	1000.0	7.491	8.394
ori_leb	BMI	54	0.1	0.6	5.154	5.327
shuff_leb	BMI	54	0.1	1000.0	7.902	6.62
ori_leb	BMI	55	0.1	0.4	4.783	6.033
shuff_leb	BMI	55	0.1	1000.0	7.592	7.93
ori_leb	BMI	56	0.1	0.6	5.072	5.601
shuff_leb	BMI	56	0.1	1000.0	7.867	6.81
ori_leb	BMI	57	0.1	0.6	5.076	6.051
shuff_leb	BMI	57	0.1	1000.0	7.638	7.765
ori_leb	BMI	58	0.1	0.6	5.143	5.469
shuff_leb	BMI	58	0.4	1.0	7.867	7.737
ori_leb	BMI	59	0.1	0.4	4.623	6.966
shuff_leb	BMI	59	0.1	1000.0	7.268	9.053
ori_leb	BMI	60	0.1	0.6	5.036	6.011
shuff_leb	BMI	60	0.1	10.0	7.657	7.667
ori_leb	BMI	61	0.1	0.6	4.997	6.458
shuff_leb	BMI	61	0.2	1.0	7.678	8.001
ori_leb	BMI	62	0.1	0.4	5.026	5.252
shuff_leb	BMI	62	0.1	1000.0	7.884	6.704
ori_leb	BMI	63	0.1	0.4	4.745	6.354
shuff_leb	BMI	63	0.6	1.0	7.859	7.57
ori_leb	BMI	64	0.1	0.6	5.121	5.549
shuff_leb	BMI	64	0.4	1.0	7.931	7.002
ori_leb	BMI	65	0.1	0.6	5.251	4.808
shuff_leb	BMI	65	0.1	10.0	7.859	6.825
ori_leb	BMI	66	0.1	0.4	4.855	6.246
shuff_leb	BMI	66	0.1	1000.0	7.693	7.611
ori_leb	BMI	67	0.1	0.4	4.924	5.71
shuff_leb	BMI	67	0.1	1000.0	7.708	7.512
ori_leb	BMI	68	0.1	0.4	4.918	5.679
shuff_leb	BMI	68	0.6	1.0	7.662	7.654
ori_leb	BMI	69	0.1	0.6	5.013	6.563
shuff_leb	BMI	69	0.1	10.0	7.489	8.322
ori_leb	BMI	70	0.1	0.4	4.612	7.058
shuff_leb	BMI	70	0.1	1000.0	7.308	8.97
ori_leb	BMI	71	0.1	0.4	4.846	6.503
shuff_leb	BMI	71	0.1	1000.0	7.535	8.14
ori_leb	BMI	72	0.1	0.6	5.064	6.231
shuff_leb	BMI	72	0.1	1000.0	7.551	8.081
ori_leb	BMI	73	0.1	0.4	4.754	6.641
shuff_leb	BMI	73	0.8	1.0	7.32	8.907
ori_leb	BMI	74	0.1	0.4	4.906	5.719
shuff_leb	BMI	74	0.1	10.0	7.674	7.619
ori_leb	BMI	75	0.1	0.4	4.822	6.078
shuff_leb	BMI	75	0.9	1.0	7.874	7.113
ori_leb	BMI	76	0.1	0.4	4.65	6.507
shuff_leb	BMI	76	0.1	1000.0	7.575	8.038
ori_leb	BMI	77	0.1	0.4	4.87	5.64
shuff_leb	BMI	77	0.1	1000.0	7.888	6.704
ori_leb	BMI	78	0.1	0.6	4.834	7.041
shuff_leb	BMI	78	0.8	1.0	7.483	8.728
ori_leb	BMI	79	0.1	0.6	4.858	6.642
shuff_leb	BMI	79	0.1	1000.0	7.485	8.326
ori_leb	BMI	80	0.1	0.6	5.023	6.057
shuff_leb	BMI	80	0.4	1.0	7.938	7.792
ori_leb	BMI	81	0.1	0.4	5.007	5.234
shuff_leb	BMI	81	0.1	10.0	7.789	7.145
ori_leb	BMI	82	0.1	0.6	5.037	6.198
shuff_leb	BMI	82	0.1	1000.0	7.627	7.792
ori_leb	BMI	83	0.1	0.4	4.831	5.717
shuff_leb	BMI	83	0.1	1000.0	7.67	7.623
ori_leb	BMI	84	0.1	0.6	5.014	6.344
shuff_leb	BMI	84	0.6	1.0	7.565	8.09
ori_leb	BMI	85	0.1	0.6	5.275	5.094
shuff_leb	BMI	85	0.1	1000.0	7.81	7.039
ori_leb	BMI	86	0.1	0.6	4.984	6.513
shuff_leb	BMI	86	0.6	1.0	7.384	8.989
ori_leb	BMI	87	0.1	0.4	4.774	6.027
shuff_leb	BMI	87	0.1	1000.0	7.739	7.367
ori_leb	BMI	88	0.1	0.6	5.096	5.703
shuff_leb	BMI	88	0.4	1.0	7.811	7.539
ori_leb	BMI	89	0.1	0.6	5.087	5.791
shuff_leb	BMI	89	0.1	1000.0	7.701	7.497
ori_leb	BMI	90	0.1	0.6	5.127	5.666
shuff_leb	BMI	90	0.1	10.0	7.657	7.679
ori_leb	BMI	91	0.1	0.4	4.647	6.91
shuff_leb	BMI	91	0.1	10.0	7.438	8.527
ori_leb	BMI	92	0.1	0.4	4.948	5.483
shuff_leb	BMI	92	0.1	10.0	7.883	6.744
ori_leb	BMI	93	0.1	0.4	4.898	5.657
shuff_leb	BMI	93	0.6	1.0	7.828	7.143
ori_leb	BMI	94	0.1	0.4	4.935	5.265
shuff_leb	BMI	94	0.1	1000.0	7.87	6.768
ori_leb	BMI	95	0.2	0.4	4.849	6.2
shuff_leb	BMI	95	0.6	1.0	7.726	7.451
ori_leb	BMI	96	0.1	0.4	4.938	5.469
shuff_leb	BMI	96	0.1	1000.0	7.806	7.082
ori_leb	BMI	97	0.1	0.4	4.744	6.738
shuff_leb	BMI	97	0.9	1.0	7.446	8.635
ori_leb	BMI	98	0.1	0.6	4.998	6.375
shuff_leb	BMI	98	0.9	0.6	7.575	8.102
ori_leb	BMI	99	0.1	0.6	5.085	6.318
shuff_leb	BMI	99	0.6	1.0	7.618	8.373
ori_leb	BMI	100	0.1	0.6	5.157	5.353
shuff_leb	BMI	100	0.1	1000.0	7.778	7.182
ori_leb	BMI	101	0.1	0.4	4.79	6.318
shuff_leb	BMI	101	0.1	1000.0	7.754	7.281
ori_leb	BMI	102	0.1	0.6	5.102	5.94
shuff_leb	BMI	102	0.8	1.0	7.629	7.968
ori_leb	BMI	103	0.1	0.6	4.97	6.417
shuff_leb	BMI	103	0.1	1000.0	7.46	8.411
ori_leb	BMI	104	0.1	0.6	5.037	6.032
shuff_leb	BMI	104	0.8	1.0	7.582	8.096
ori_leb	BMI	105	0.1	0.6	5.038	6.238
shuff_leb	BMI	105	0.1	1000.0	7.657	7.674
ori_leb	BMI	106	0.1	0.4	4.86	5.78
shuff_leb	BMI	106	0.1	1000.0	7.702	7.508
ori_leb	BMI	107	0.1	0.4	4.892	5.274
shuff_leb	BMI	107	0.1	1000.0	7.8	7.105
ori_leb	BMI	108	0.1	0.4	4.869	5.564
shuff_leb	BMI	108	0.1	1000.0	7.84	6.906
ori_leb	BMI	109	0.1	0.6	5.153	5.349
shuff_leb	BMI	109	0.1	1000.0	7.794	7.108
ori_leb	BMI	110	0.1	0.6	5.204	5.349
shuff_leb	BMI	110	0.9	1.0	7.817	7.007
ori_leb	BMI	111	0.1	0.6	5.022	6.203
shuff_leb	BMI	111	0.8	1.0	7.635	7.952
ori_leb	BMI	112	0.1	0.4	4.839	5.997
shuff_leb	BMI	112	0.1	1000.0	7.81	7.149
ori_leb	BMI	113	0.1	0.4	5.025	4.988
shuff_leb	BMI	113	0.1	1000.0	7.781	7.185
ori_leb	BMI	114	0.1	0.6	4.983	6.578
shuff_leb	BMI	114	0.1	1000.0	7.522	8.192
ori_leb	BMI	115	0.1	0.6	5.234	5.45
shuff_leb	BMI	115	0.9	1.0	7.818	7.334
ori_leb	BMI	116	0.1	0.4	4.87	5.588
shuff_leb	BMI	116	0.1	1000.0	7.77	7.211
ori_leb	BMI	117	0.1	0.4	4.752	6.237
shuff_leb	BMI	117	0.1	10.0	7.72	7.413
ori_leb	BMI	118	0.1	0.6	5.213	5.293
shuff_leb	BMI	118	0.1	1000.0	7.888	6.683
ori_leb	BMI	119	0.1	0.4	4.892	5.785
shuff_leb	BMI	119	0.1	1000.0	7.674	7.609
ori_leb	BMI	120	0.1	0.6	5.043	6.096
shuff_leb	BMI	120	0.1	10.0	7.631	7.793
ori_leb	BMI	121	0.1	0.6	5.107	5.761
shuff_leb	BMI	121	0.1	1000.0	7.744	7.323
ori_leb	BMI	122	0.1	0.6	4.988	6.176
shuff_leb	BMI	122	0.8	1.0	7.54	8.018
ori_leb	BMI	123	0.1	0.6	5.223	5.079
shuff_leb	BMI	123	0.9	1.0	7.815	7.044
ori_leb	BMI	124	0.1	0.4	4.703	6.514
shuff_leb	BMI	124	0.4	1.0	7.778	8.008
ori_leb	BMI	125	0.1	0.6	5.216	5.529
shuff_leb	BMI	125	0.1	1000.0	7.703	7.494
ori_leb	BMI	126	0.1	0.6	5.217	5.299
shuff_leb	BMI	126	0.1	1000.0	7.91	6.599
ori_leb	BMI	127	0.2	0.4	5.106	5.353
shuff_leb	BMI	127	0.1	10.0	7.752	7.331
ori_leb	BMI	128	0.1	0.6	5.066	5.895
shuff_leb	BMI	128	0.1	10.0	7.766	7.196
ori_leb	BMI	129	0.2	0.4	4.761	6.767
shuff_leb	BMI	129	0.9	1.0	7.686	7.608
ori_leb	BMI	130	0.1	0.6	4.897	7.138
shuff_leb	BMI	130	0.1	1000.0	7.313	8.959
ori_leb	BMI	131	0.1	0.4	4.912	5.437
shuff_leb	BMI	131	0.9	1.0	7.7	7.379
ori_leb	BMI	132	0.1	0.6	5.076	5.903
shuff_leb	BMI	132	0.4	1.0	7.908	7.348
ori_leb	BMI	133	0.1	0.6	5.061	6.199
shuff_leb	BMI	133	0.1	1000.0	7.546	8.099
ori_leb	BMI	134	0.1	0.4	4.755	5.991
shuff_leb	BMI	134	0.1	1000.0	7.723	7.409
ori_leb	BMI	135	0.1	0.6	5.148	5.394
shuff_leb	BMI	135	0.1	1000.0	7.867	6.793
ori_leb	BMI	136	0.1	0.4	4.779	6.24
shuff_leb	BMI	136	0.1	10.0	7.494	8.292
ori_leb	BMI	137	0.1	0.4	4.908	5.807
shuff_leb	BMI	137	0.1	1000.0	7.657	7.674
ori_leb	BMI	138	0.1	0.4	4.816	5.951
shuff_leb	BMI	138	0.1	10.0	7.499	8.273
ori_leb	BMI	139	0.1	0.6	5.207	5.053
shuff_leb	BMI	139	0.1	1000.0	7.832	6.967
ori_leb	BMI	140	0.1	0.4	4.752	5.924
shuff_leb	BMI	140	0.1	1000.0	7.681	7.586
ori_leb	BMI	141	0.1	0.4	4.925	5.368
shuff_leb	BMI	141	0.1	1000.0	7.842	6.897
ori_leb	BMI	142	0.1	0.4	4.702	6.348
shuff_leb	BMI	142	0.9	1.0	7.687	7.695
ori_leb	BMI	143	0.1	0.4	4.94	5.455
shuff_leb	BMI	143	0.1	1000.0	7.69	7.622
ori_leb	BMI	144	0.1	0.4	4.925	5.53
shuff_leb	BMI	144	0.9	1.0	7.833	7.032
ori_leb	BMI	145	0.1	0.4	4.896	5.279
shuff_leb	BMI	145	0.1	1000.0	7.941	6.436
ori_leb	BMI	146	0.1	0.6	5.073	5.884
shuff_leb	BMI	146	0.1	1000.0	7.725	7.405
ori_leb	BMI	147	0.1	0.6	5.068	5.894
shuff_leb	BMI	147	0.8	1.0	7.803	7.304
ori_leb	BMI	148	0.1	0.4	4.63	6.786
shuff_leb	BMI	148	0.1	1.0	7.578	8.7
ori_leb	BMI	149	0.1	0.4	4.987	5.249
shuff_leb	BMI	149	0.9	0.6	7.96	7.453
ori_leb	BMI	150	0.1	0.6	4.944	6.559
shuff_leb	BMI	150	0.1	1000.0	7.57	8.007
ori_leb	BMI	151	0.1	0.4	4.765	6.154
shuff_leb	BMI	151	0.1	10.0	8.001	6.169
ori_leb	BMI	152	0.1	0.4	4.873	5.732
shuff_leb	BMI	152	0.1	10.0	7.642	7.734
ori_leb	BMI	153	0.1	0.4	4.879	5.912
shuff_leb	BMI	153	0.1	10.0	7.872	6.782
ori_leb	BMI	154	0.1	0.4	4.863	5.618
shuff_leb	BMI	154	0.1	1000.0	7.885	6.697
ori_leb	BMI	155	0.1	0.4	4.811	5.814
shuff_leb	BMI	155	0.1	1000.0	7.783	7.164
ori_leb	BMI	156	0.1	0.6	4.99	6.219
shuff_leb	BMI	156	0.9	1.0	7.797	7.307
ori_leb	BMI	157	0.1	0.4	4.54	7.298
shuff_leb	BMI	157	0.9	1.0	7.126	9.448
ori_leb	BMI	158	0.1	0.4	4.866	5.631
shuff_leb	BMI	158	0.1	1000.0	7.835	6.932
ori_leb	BMI	159	0.1	0.4	4.615	6.841
shuff_leb	BMI	159	0.1	1000.0	7.411	8.577
ori_leb	BMI	160	0.1	0.4	4.698	6.626
shuff_leb	BMI	160	0.1	1000.0	7.366	8.809
ori_leb	BMI	161	0.1	0.6	5.133	5.617
shuff_leb	BMI	161	0.1	1000.0	7.715	7.441
ori_leb	BMI	162	0.6	0.2	4.584	6.699
shuff_leb	BMI	162	0.1	1000.0	7.455	8.445
ori_leb	BMI	163	0.1	0.4	4.883	5.798
shuff_leb	BMI	163	0.1	1000.0	7.612	7.855
ori_leb	BMI	164	0.1	0.4	4.826	5.729
shuff_leb	BMI	164	0.1	1000.0	7.818	7.008
ori_leb	BMI	165	0.1	0.4	4.799	5.758
shuff_leb	BMI	165	0.1	1000.0	7.865	6.8
ori_leb	BMI	166	0.1	0.4	4.699	6.458
shuff_leb	BMI	166	0.6	1.0	7.864	7.198
ori_leb	BMI	167	0.1	0.4	4.815	6.171
shuff_leb	BMI	167	0.2	1.0	7.699	8.769
ori_leb	BMI	168	0.1	0.6	5.131	5.746
shuff_leb	BMI	168	0.4	1.0	7.838	7.145
ori_leb	BMI	169	0.1	0.4	4.686	6.38
shuff_leb	BMI	169	0.4	1.0	7.612	8.361
ori_leb	BMI	170	0.1	0.4	4.812	6.076
shuff_leb	BMI	170	0.1	1000.0	7.59	7.955
ori_leb	BMI	171	0.1	0.4	4.937	5.697
shuff_leb	BMI	171	0.1	1000.0	7.77	7.212
ori_leb	BMI	172	0.1	0.4	4.866	5.943
shuff_leb	BMI	172	0.1	1000.0	7.665	7.65
ori_leb	BMI	173	0.1	0.6	5.221	5.073
shuff_leb	BMI	173	0.1	1000.0	7.853	6.848
ori_leb	BMI	174	0.1	0.6	4.936	6.882
shuff_leb	BMI	174	0.1	1000.0	7.381	8.788
ori_leb	BMI	175	0.1	0.6	5.175	5.467
shuff_leb	BMI	175	0.9	1.0	7.825	7.169
ori_leb	BMI	176	0.1	0.4	4.869	5.928
shuff_leb	BMI	176	0.9	1.0	7.891	7.276
ori_leb	BMI	177	0.2	0.4	4.845	6.347
shuff_leb	BMI	177	0.1	1000.0	7.869	6.771
ori_leb	BMI	178	0.1	0.4	4.814	6.125
shuff_leb	BMI	178	0.2	1.0	7.784	8.332
ori_leb	BMI	179	0.1	0.6	5.145	5.824
shuff_leb	BMI	179	0.1	1000.0	7.715	7.445
ori_leb	BMI	180	0.1	0.4	4.886	5.61
shuff_leb	BMI	180	0.1	1000.0	7.666	7.637
ori_leb	BMI	181	0.1	0.6	5.018	6.212
shuff_leb	BMI	181	0.9	1.0	7.498	8.303
ori_leb	BMI	182	0.1	0.6	5.123	5.596
shuff_leb	BMI	182	0.8	0.6	7.794	7.769
ori_leb	BMI	183	0.1	0.4	4.842	5.939
shuff_leb	BMI	183	0.1	10.0	7.587	7.946
ori_leb	BMI	184	0.1	0.4	4.839	5.819
shuff_leb	BMI	184	0.6	1.0	7.598	7.821
ori_leb	BMI	185	0.1	0.4	5.04	4.824
shuff_leb	BMI	185	0.9	1.0	7.92	6.258
ori_leb	BMI	186	0.1	0.6	5.213	5.659
shuff_leb	BMI	186	0.1	1000.0	7.797	7.127
ori_leb	BMI	187	0.1	0.6	5.173	5.543
shuff_leb	BMI	187	0.1	1000.0	7.666	7.639
ori_leb	BMI	188	0.1	0.6	4.837	6.889
shuff_leb	BMI	188	0.4	1.0	7.459	8.508
ori_leb	BMI	189	0.1	0.4	4.813	6.147
shuff_leb	BMI	189	0.1	1000.0	7.432	8.519
ori_leb	BMI	190	0.1	0.6	5.15	5.792
shuff_leb	BMI	190	0.1	1000.0	7.695	7.522
ori_leb	BMI	191	0.1	0.4	4.827	5.819
shuff_leb	BMI	191	0.1	1000.0	7.76	7.256
ori_leb	BMI	192	0.1	0.4	4.721	6.832
shuff_leb	BMI	192	0.1	1000.0	7.6	7.922
ori_leb	BMI	193	0.1	0.6	5.019	6.062
shuff_leb	BMI	193	0.9	1.0	7.863	7.118
ori_leb	BMI	194	0.1	0.6	5.093	5.658
shuff_leb	BMI	194	0.4	1.0	7.842	7.547
ori_leb	BMI	195	0.1	0.4	4.697	6.279
shuff_leb	BMI	195	0.1	1000.0	7.825	6.991
ori_leb	BMI	196	0.2	0.4	5.112	4.78
shuff_leb	BMI	196	0.1	1000.0	7.862	6.868
ori_leb	BMI	197	0.1	0.4	4.72	6.247
shuff_leb	BMI	197	0.1	1000.0	7.584	7.968
ori_leb	BMI	198	0.1	0.4	4.763	6.35
shuff_leb	BMI	198	0.1	10.0	7.611	7.866
ori_leb	BMI	199	0.1	0.4	4.821	6.041
shuff_leb	BMI	199	0.6	1.0	7.719	8.165
ori_leb	BMI	200	0.1	0.6	5.101	5.769
shuff_leb	BMI	200	0.4	1.0	7.945	7.474
ori_leb	BMI	201	0.1	0.6	5.063	6.291
shuff_leb	BMI	201	0.6	1.0	7.626	7.886
ori_leb	BMI	202	0.1	0.4	4.735	6.158
shuff_leb	BMI	202	0.1	10.0	7.867	6.839
ori_leb	BMI	203	0.1	0.4	4.847	5.636
shuff_leb	BMI	203	0.9	1.0	7.779	7.091
ori_leb	BMI	204	0.1	0.4	4.742	6.489
shuff_leb	BMI	204	0.1	1000.0	7.528	8.178
ori_leb	BMI	205	0.1	0.6	5.046	6.032
shuff_leb	BMI	205	0.8	1.0	7.626	7.98
ori_leb	BMI	206	0.1	0.6	4.887	6.612
shuff_leb	BMI	206	0.9	0.6	7.674	8.668
ori_leb	BMI	207	0.1	0.4	4.799	6.095
shuff_leb	BMI	207	0.1	1000.0	7.633	7.829
ori_leb	BMI	208	0.1	0.4	4.965	5.379
shuff_leb	BMI	208	0.1	1000.0	7.957	6.368
ori_leb	BMI	209	0.1	0.4	4.784	6.238
shuff_leb	BMI	209	0.1	1000.0	7.524	8.191
ori_leb	BMI	210	0.1	0.4	4.849	5.687
shuff_leb	BMI	210	0.1	10.0	7.809	7.067
ori_leb	BMI	211	0.1	0.4	4.809	5.967
shuff_leb	BMI	211	0.1	1000.0	7.846	6.9
ori_leb	BMI	212	0.1	0.4	4.796	6.169
shuff_leb	BMI	212	0.1	1000.0	7.792	7.119
ori_leb	BMI	213	0.1	0.4	4.915	5.919
shuff_leb	BMI	213	0.1	1000.0	7.858	6.824
ori_leb	BMI	214	0.1	0.6	5.194	5.542
shuff_leb	BMI	214	0.1	1000.0	7.829	6.972
ori_leb	BMI	215	0.1	0.4	4.731	6.209
shuff_leb	BMI	215	0.1	10.0	7.735	7.355
ori_leb	BMI	216	0.1	0.4	4.849	5.958
shuff_leb	BMI	216	0.1	1000.0	7.592	7.938
ori_leb	BMI	217	0.1	0.4	5.028	5.008
shuff_leb	BMI	217	0.4	1.0	8.054	6.483
ori_leb	BMI	218	0.1	0.4	4.818	6.423
shuff_leb	BMI	218	0.1	1000.0	7.669	7.645
ori_leb	BMI	219	0.1	0.4	4.781	5.921
shuff_leb	BMI	219	0.1	1000.0	7.86	6.812
ori_leb	BMI	220	0.1	0.6	5.126	5.524
shuff_leb	BMI	220	0.1	1000.0	7.755	7.276
ori_leb	BMI	221	0.1	0.6	5.054	6.208
shuff_leb	BMI	221	0.1	1000.0	7.542	8.155
ori_leb	BMI	222	0.1	0.6	4.962	6.598
shuff_leb	BMI	222	0.1	1000.0	7.297	8.977
ori_leb	BMI	223	0.1	0.6	4.971	6.228
shuff_leb	BMI	223	0.1	1000.0	7.637	7.754
ori_leb	BMI	224	0.1	0.4	4.87	5.344
shuff_leb	BMI	224	0.1	1000.0	7.882	6.716
ori_leb	BMI	225	0.1	0.6	5.177	5.316
shuff_leb	BMI	225	0.4	1.0	7.959	6.919
ori_leb	BMI	226	0.1	0.6	5.112	5.891
shuff_leb	BMI	226	0.1	1000.0	7.668	7.637
ori_leb	BMI	227	0.1	0.4	4.605	6.797
shuff_leb	BMI	227	0.1	1000.0	7.531	8.155
ori_leb	BMI	228	0.1	0.6	5.111	5.957
shuff_leb	BMI	228	0.1	10.0	7.66	7.662
ori_leb	BMI	229	0.1	0.4	4.726	6.706
shuff_leb	BMI	229	0.1	1000.0	7.315	8.901
ori_leb	BMI	230	0.1	0.4	5.013	5.284
shuff_leb	BMI	230	0.1	1000.0	7.641	7.739
ori_leb	BMI	231	0.1	0.4	4.675	6.563
shuff_leb	BMI	231	0.1	1000.0	7.569	8.015
ori_leb	BMI	232	0.1	0.6	4.963	6.457
shuff_leb	BMI	232	0.1	1000.0	7.557	8.087
ori_leb	BMI	233	0.1	0.6	4.981	6.141
shuff_leb	BMI	233	0.1	1000.0	7.712	7.46
ori_leb	BMI	234	0.1	0.4	4.749	6.139
shuff_leb	BMI	234	0.1	10.0	7.658	7.703
ori_leb	BMI	235	0.1	0.6	4.995	6.132
shuff_leb	BMI	235	0.1	1000.0	7.693	7.553
ori_leb	BMI	236	0.1	0.4	4.8	6.047
shuff_leb	BMI	236	0.1	1000.0	7.721	7.425
ori_leb	BMI	237	0.1	0.4	4.757	6.081
shuff_leb	BMI	237	0.1	1000.0	7.69	7.543
ori_leb	BMI	238	0.1	0.4	4.773	6.276
shuff_leb	BMI	238	0.1	1000.0	7.665	7.701
ori_leb	BMI	239	0.1	0.6	5.173	5.357
shuff_leb	BMI	239	0.1	1000.0	7.805	7.068
ori_leb	BMI	240	0.9	0.2	4.813	6.404
shuff_leb	BMI	240	0.4	1.0	8.178	6.761
ori_leb	BMI	241	0.1	0.4	4.868	5.612
shuff_leb	BMI	241	0.9	0.6	8.026	7.067
ori_leb	BMI	242	0.1	0.4	4.692	7.163
shuff_leb	BMI	242	0.1	1000.0	7.365	8.736
ori_leb	BMI	243	0.1	0.4	4.915	5.757
shuff_leb	BMI	243	0.1	10.0	7.895	6.688
ori_leb	BMI	244	0.1	0.4	4.941	5.599
shuff_leb	BMI	244	0.1	1000.0	7.643	7.837
ori_leb	BMI	245	0.1	0.4	4.774	6.516
shuff_leb	BMI	245	0.1	1000.0	7.64	7.743
ori_leb	BMI	246	0.1	0.4	4.579	6.963
shuff_leb	BMI	246	0.9	1.0	7.365	8.721
ori_leb	BMI	247	0.1	0.6	4.978	6.81
shuff_leb	BMI	247	0.8	1.0	7.411	8.537
ori_leb	BMI	248	0.1	0.4	4.739	6.464
shuff_leb	BMI	248	0.1	1000.0	7.6	7.907
ori_leb	BMI	249	0.1	0.4	4.976	5.421
shuff_leb	BMI	249	0.1	1000.0	7.939	6.459
ori_leb	BMI	250	0.2	0.4	4.829	6.508
shuff_leb	BMI	250	0.8	0.6	7.822	7.456
ori_leb	BMI	251	0.1	0.6	5.093	5.762
shuff_leb	BMI	251	0.8	1.0	7.706	7.401
ori_leb	BMI	252	0.1	0.4	5.031	4.939
shuff_leb	BMI	252	0.1	1000.0	7.802	7.149
ori_leb	BMI	253	0.1	0.6	5.03	6.559
shuff_leb	BMI	253	0.1	1000.0	7.575	8.01
ori_leb	BMI	254	0.1	0.4	4.483	7.378
shuff_leb	BMI	254	0.1	1000.0	7.177	9.365
ori_leb	BMI	255	0.1	0.4	4.753	6.43
shuff_leb	BMI	255	0.1	1000.0	7.62	7.821
ori_leb	BMI	256	0.1	0.6	4.876	7.166
shuff_leb	BMI	256	0.1	10.0	7.222	9.208
ori_leb	BMI	257	0.1	0.4	4.892	5.52
shuff_leb	BMI	257	0.1	1000.0	7.802	7.077
ori_leb	BMI	258	0.1	0.4	4.595	6.882
shuff_leb	BMI	258	0.4	1.0	7.444	9.05
ori_leb	BMI	259	0.1	0.4	4.837	6.015
shuff_leb	BMI	259	0.8	1.0	7.765	7.218
ori_leb	BMI	260	0.1	0.4	4.855	6.006
shuff_leb	BMI	260	0.1	1000.0	7.615	7.84
ori_leb	BMI	261	0.1	0.4	4.581	6.803
shuff_leb	BMI	261	0.1	1000.0	7.416	8.565
ori_leb	BMI	262	0.1	0.4	4.92	5.728
shuff_leb	BMI	262	0.9	1.0	7.739	7.284
ori_leb	BMI	263	0.1	0.4	4.875	6.106
shuff_leb	BMI	263	0.1	1000.0	7.559	8.055
ori_leb	BMI	264	0.1	0.4	4.678	6.467
shuff_leb	BMI	264	0.1	1000.0	7.687	7.567
ori_leb	BMI	265	0.1	0.4	4.93	5.192
shuff_leb	BMI	265	0.1	1000.0	7.808	7.055
ori_leb	BMI	266	0.1	0.6	5.001	6.501
shuff_leb	BMI	266	0.1	1000.0	7.544	8.106
ori_leb	BMI	267	0.1	0.6	4.791	7.424
shuff_leb	BMI	267	0.8	1.0	7.279	9.165
ori_leb	BMI	268	0.1	0.4	4.863	6.065
shuff_leb	BMI	268	0.1	10.0	7.587	7.948
ori_leb	BMI	269	0.1	0.6	5.105	6.106
shuff_leb	BMI	269	0.1	1000.0	7.812	7.031
ori_leb	BMI	270	0.1	0.4	4.892	5.773
shuff_leb	BMI	270	0.1	1000.0	7.782	7.161
ori_leb	BMI	271	0.1	0.4	4.92	5.681
shuff_leb	BMI	271	0.1	1000.0	7.844	6.904
ori_leb	BMI	272	0.1	0.4	4.666	6.637
shuff_leb	BMI	272	0.1	1000.0	7.694	7.536
ori_leb	BMI	273	0.1	0.4	4.795	6.224
shuff_leb	BMI	273	0.1	1000.0	7.578	8.0
ori_leb	BMI	274	0.1	0.4	4.885	5.359
shuff_leb	BMI	274	0.1	1000.0	7.872	6.78
ori_leb	BMI	275	0.1	0.4	4.861	5.71
shuff_leb	BMI	275	0.9	1.0	7.72	7.677
ori_leb	BMI	276	0.1	0.4	4.865	5.817
shuff_leb	BMI	276	0.1	10.0	7.626	7.815
ori_leb	BMI	277	0.1	0.6	5.206	5.342
shuff_leb	BMI	277	0.4	1.0	7.925	6.718
ori_leb	BMI	278	0.1	0.6	5.167	5.574
shuff_leb	BMI	278	0.1	1000.0	7.796	7.099
ori_leb	BMI	279	0.1	0.4	4.68	6.574
shuff_leb	BMI	279	0.1	1000.0	7.482	8.333
ori_leb	BMI	280	0.1	0.4	4.778	6.308
shuff_leb	BMI	280	0.1	10.0	7.637	7.755
ori_leb	BMI	281	0.1	0.4	4.817	5.927
shuff_leb	BMI	281	0.1	1000.0	7.974	6.292
ori_leb	BMI	282	0.1	0.4	4.867	5.644
shuff_leb	BMI	282	0.1	1000.0	7.85	6.915
ori_leb	BMI	283	0.1	0.6	4.982	6.319
shuff_leb	BMI	283	0.4	1.0	7.815	7.697
ori_leb	BMI	284	0.1	0.4	4.88	5.668
shuff_leb	BMI	284	0.1	1000.0	7.834	6.936
ori_leb	BMI	285	0.1	0.6	5.284	4.955
shuff_leb	BMI	285	0.8	1.0	7.914	7.076
ori_leb	BMI	286	0.1	0.4	4.651	7.133
shuff_leb	BMI	286	0.1	10.0	7.415	8.614
ori_leb	BMI	287	0.1	0.4	4.728	6.745
shuff_leb	BMI	287	0.1	1000.0	7.305	8.938
ori_leb	BMI	288	0.1	0.4	4.698	6.573
shuff_leb	BMI	288	0.1	1000.0	7.6	7.907
ori_leb	BMI	289	0.1	0.6	5.026	6.212
shuff_leb	BMI	289	0.1	1000.0	7.703	7.49
ori_leb	BMI	290	0.1	0.4	4.899	5.609
shuff_leb	BMI	290	0.8	1.0	7.854	7.105
ori_leb	BMI	291	0.1	0.6	4.825	7.113
shuff_leb	BMI	291	0.4	1.0	7.539	8.544
ori_leb	BMI	292	0.1	0.6	5.216	5.389
shuff_leb	BMI	292	0.1	1000.0	7.823	6.998
ori_leb	BMI	293	0.1	0.6	5.098	5.89
shuff_leb	BMI	293	0.1	1000.0	7.734	7.413
ori_leb	BMI	294	0.1	0.6	5.04	6.376
shuff_leb	BMI	294	0.1	1000.0	7.601	7.891
ori_leb	BMI	295	0.1	0.6	4.955	6.446
shuff_leb	BMI	295	0.1	1000.0	7.459	8.416
ori_leb	BMI	296	0.1	0.6	5.089	6.224
shuff_leb	BMI	296	0.1	1000.0	7.473	8.373
ori_leb	BMI	297	0.1	0.6	5.153	5.342
shuff_leb	BMI	297	0.1	1000.0	7.873	6.796
ori_leb	BMI	298	0.1	0.4	4.724	6.522
shuff_leb	BMI	298	0.8	1.0	7.661	7.503
ori_leb	BMI	299	0.1	0.6	5.068	6.247
shuff_leb	BMI	299	0.1	1000.0	7.563	8.035
ori_leb	BMI	300	0.1	0.4	4.518	7.069
shuff_leb	BMI	300	0.1	1000.0	7.449	8.461
ori_leb	BMI	301	0.1	0.4	4.746	6.465
shuff_leb	BMI	301	0.1	1000.0	7.491	8.318
ori_leb	BMI	302	0.2	0.4	4.921	6.152
shuff_leb	BMI	302	0.1	1000.0	7.605	7.886
ori_leb	BMI	303	0.1	0.4	4.703	6.418
shuff_leb	BMI	303	0.1	1000.0	7.657	7.679
ori_leb	BMI	304	0.1	0.4	4.818	6.143
shuff_leb	BMI	304	0.1	1000.0	7.48	8.357
ori_leb	BMI	305	0.1	0.6	4.87	6.793
shuff_leb	BMI	305	0.1	1000.0	7.411	8.582
ori_leb	BMI	306	0.1	0.6	4.942	6.468
shuff_leb	BMI	306	0.1	1000.0	7.567	8.044
ori_leb	BMI	307	0.1	0.4	4.969	5.327
shuff_leb	BMI	307	0.1	10.0	7.706	7.479
ori_leb	BMI	308	0.1	0.4	4.827	6.16
shuff_leb	BMI	308	0.9	1.0	7.797	6.99
ori_leb	BMI	309	0.1	0.4	4.821	5.88
shuff_leb	BMI	309	0.1	1000.0	7.897	6.643
ori_leb	BMI	310	0.1	0.6	5.008	6.31
shuff_leb	BMI	310	0.4	1.0	7.614	7.993
ori_leb	BMI	311	0.1	0.4	4.786	6.391
shuff_leb	BMI	311	0.9	0.6	7.631	8.016
ori_leb	BMI	312	0.1	0.4	4.855	5.62
shuff_leb	BMI	312	0.2	1.0	8.108	7.473
ori_leb	BMI	313	0.1	0.4	4.981	5.043
shuff_leb	BMI	313	0.9	1.0	7.94	6.911
ori_leb	BMI	314	0.1	0.4	4.753	6.055
shuff_leb	BMI	314	0.1	1000.0	7.759	7.262
ori_leb	BMI	315	0.1	0.4	4.783	6.13
shuff_leb	BMI	315	0.1	1000.0	7.801	7.101
ori_leb	BMI	316	0.1	0.4	4.796	5.679
shuff_leb	BMI	316	0.1	1000.0	7.872	6.792
ori_leb	BMI	317	0.1	0.6	5.023	6.228
shuff_leb	BMI	317	0.1	1000.0	7.692	7.533
ori_leb	BMI	318	0.1	0.4	4.664	6.469
shuff_leb	BMI	318	0.1	1000.0	7.467	8.386
ori_leb	BMI	319	0.1	0.4	4.884	6.208
shuff_leb	BMI	319	0.1	1000.0	7.736	7.352
ori_leb	BMI	320	0.1	0.4	4.809	6.343
shuff_leb	BMI	320	0.4	1.0	7.469	8.528
ori_leb	BMI	321	0.1	0.6	5.178	5.588
shuff_leb	BMI	321	0.9	1.0	7.82	7.159
ori_leb	BMI	322	0.1	0.4	4.915	5.069
shuff_leb	BMI	322	0.1	1000.0	7.964	6.331
ori_leb	BMI	323	0.1	0.4	4.679	7.017
shuff_leb	BMI	323	0.1	1000.0	7.526	8.239
ori_leb	BMI	324	0.1	0.6	5.203	5.424
shuff_leb	BMI	324	0.1	1000.0	7.605	7.893
ori_leb	BMI	325	0.1	0.6	5.095	5.805
shuff_leb	BMI	325	0.1	1000.0	7.701	7.51
ori_leb	BMI	326	0.1	0.4	4.749	6.433
shuff_leb	BMI	326	0.9	1.0	7.432	8.492
ori_leb	BMI	327	0.1	0.4	4.856	5.649
shuff_leb	BMI	327	0.1	1000.0	7.72	7.425
ori_leb	BMI	328	0.1	0.4	4.808	6.455
shuff_leb	BMI	328	0.1	1000.0	7.5	8.266
ori_leb	BMI	329	0.1	0.6	5.265	5.054
shuff_leb	BMI	329	0.1	1000.0	7.722	7.413
ori_leb	BMI	330	0.1	0.4	4.894	5.604
shuff_leb	BMI	330	0.1	1000.0	7.746	7.316
ori_leb	BMI	331	0.1	0.4	4.878	5.626
shuff_leb	BMI	331	0.8	1.0	7.857	6.804
ori_leb	BMI	332	0.1	1.0	5.554	5.501
shuff_leb	BMI	332	0.1	1000.0	7.792	7.134
ori_leb	BMI	333	0.1	0.4	4.707	6.421
shuff_leb	BMI	333	0.6	1.0	7.735	7.425
ori_leb	BMI	334	0.2	0.4	4.768	6.561
shuff_leb	BMI	334	0.1	1000.0	7.374	8.705
ori_leb	BMI	335	0.1	0.6	5.009	5.774
shuff_leb	BMI	335	0.1	1000.0	7.895	6.651
ori_leb	BMI	336	0.1	0.6	4.819	6.943
shuff_leb	BMI	336	0.1	1000.0	7.333	8.865
ori_leb	BMI	337	0.1	0.4	4.845	5.469
shuff_leb	BMI	337	0.1	1000.0	7.832	6.943
ori_leb	BMI	338	0.2	0.4	4.911	5.856
shuff_leb	BMI	338	0.1	1000.0	7.717	7.441
ori_leb	BMI	339	0.1	0.4	4.502	7.742
shuff_leb	BMI	339	0.6	1.0	7.347	9.018
ori_leb	BMI	340	0.1	1.0	5.466	5.933
shuff_leb	BMI	340	0.1	1000.0	7.718	7.437
ori_leb	BMI	341	0.1	0.4	4.818	5.792
shuff_leb	BMI	341	0.9	1.0	7.974	6.46
ori_leb	BMI	342	0.1	0.4	4.879	6.048
shuff_leb	BMI	342	0.9	1.0	7.782	7.25
ori_leb	BMI	343	0.1	0.4	4.664	6.76
shuff_leb	BMI	343	0.9	1.0	7.625	8.132
ori_leb	BMI	344	0.1	0.4	4.723	6.101
shuff_leb	BMI	344	0.9	1.0	7.745	7.491
ori_leb	BMI	345	0.1	0.6	5.145	5.558
shuff_leb	BMI	345	0.1	1000.0	7.75	7.298
ori_leb	BMI	346	0.1	0.6	5.15	5.548
shuff_leb	BMI	346	0.6	1.0	7.708	7.664
ori_leb	BMI	347	0.1	0.4	4.969	5.339
shuff_leb	BMI	347	0.6	1.0	7.729	7.506
ori_leb	BMI	348	0.1	0.6	5.089	5.798
shuff_leb	BMI	348	0.9	1.0	7.659	7.813
ori_leb	BMI	349	0.1	0.6	5.214	5.407
shuff_leb	BMI	349	0.1	10.0	7.72	7.439
ori_leb	BMI	350	0.1	0.4	4.985	5.308
shuff_leb	BMI	350	0.1	1000.0	7.872	6.767
ori_leb	BMI	351	0.1	0.2	4.545	5.99
shuff_leb	BMI	351	0.1	10.0	7.957	6.367
ori_leb	BMI	352	0.1	0.4	4.905	6.167
shuff_leb	BMI	352	0.8	1.0	7.649	7.79
ori_leb	BMI	353	0.1	0.6	4.948	6.515
shuff_leb	BMI	353	0.1	1000.0	7.596	7.914
ori_leb	BMI	354	0.1	0.6	5.15	5.8
shuff_leb	BMI	354	0.1	1.0	7.993	7.301
ori_leb	BMI	355	0.1	0.4	4.576	6.688
shuff_leb	BMI	355	0.8	1.0	7.531	8.339
ori_leb	BMI	356	0.1	0.6	5.011	6.17
shuff_leb	BMI	356	0.9	1.0	7.714	7.635
ori_leb	BMI	357	0.1	0.4	4.832	6.184
shuff_leb	BMI	357	0.1	1000.0	7.724	7.422
ori_leb	BMI	358	0.1	0.6	4.896	6.444
shuff_leb	BMI	358	0.8	1.0	7.604	8.01
ori_leb	BMI	359	0.1	0.4	4.668	6.794
shuff_leb	BMI	359	0.9	1.0	7.809	7.372
ori_leb	BMI	360	0.1	0.6	5.188	5.319
shuff_leb	BMI	360	0.4	1.0	7.988	7.248
ori_leb	BMI	361	0.1	0.4	4.824	6.237
shuff_leb	BMI	361	0.1	1000.0	7.556	8.066
ori_leb	BMI	362	0.1	0.4	4.935	5.554
shuff_leb	BMI	362	0.1	1000.0	7.8	7.157
ori_leb	BMI	363	0.1	0.4	4.632	6.518
shuff_leb	BMI	363	0.1	1000.0	7.477	8.349
ori_leb	BMI	364	0.1	0.4	4.868	5.52
shuff_leb	BMI	364	0.1	10.0	7.712	7.472
ori_leb	BMI	365	0.1	0.4	4.833	6.155
shuff_leb	BMI	365	0.6	1.0	7.631	8.222
ori_leb	BMI	366	0.1	0.4	4.595	6.8
shuff_leb	BMI	366	0.1	1000.0	7.481	8.334
ori_leb	BMI	367	0.1	0.4	4.774	6.159
shuff_leb	BMI	367	0.9	1.0	7.725	7.493
ori_leb	BMI	368	0.1	0.4	4.777	6.208
shuff_leb	BMI	368	0.1	1000.0	7.502	8.261
ori_leb	BMI	369	0.2	0.4	4.907	6.311
shuff_leb	BMI	369	0.1	1000.0	7.352	8.813
ori_leb	BMI	370	0.1	0.6	4.947	7.034
shuff_leb	BMI	370	0.8	1.0	7.072	9.63
ori_leb	BMI	371	0.1	0.6	5.235	5.275
shuff_leb	BMI	371	0.1	1000.0	7.754	7.304
ori_leb	BMI	372	0.1	0.6	5.094	5.858
shuff_leb	BMI	372	0.9	1.0	7.587	7.898
ori_leb	BMI	373	0.1	0.4	4.948	5.499
shuff_leb	BMI	373	0.1	1000.0	7.734	7.365
ori_leb	BMI	374	0.1	0.4	4.83	5.684
shuff_leb	BMI	374	0.4	1.0	7.772	7.646
ori_leb	BMI	375	0.1	0.6	4.988	6.203
shuff_leb	BMI	375	0.1	1000.0	7.712	7.454
ori_leb	BMI	376	0.1	0.6	5.127	6.247
shuff_leb	BMI	376	0.1	1000.0	7.59	7.933
ori_leb	BMI	377	0.1	0.4	4.633	6.406
shuff_leb	BMI	377	0.9	1.0	7.817	7.111
ori_leb	BMI	378	0.1	0.6	5.11	6.266
shuff_leb	BMI	378	0.8	1.0	7.523	8.093
ori_leb	BMI	379	0.1	0.4	4.828	5.69
shuff_leb	BMI	379	0.8	1.0	7.69	7.636
ori_leb	BMI	380	0.1	0.6	5.239	5.014
shuff_leb	BMI	380	0.1	1000.0	7.875	6.747
ori_leb	BMI	381	0.1	0.4	4.845	5.973
shuff_leb	BMI	381	0.9	0.6	8.055	6.311
ori_leb	BMI	382	0.2	0.4	4.932	5.632
shuff_leb	BMI	382	0.1	1000.0	7.822	6.988
ori_leb	BMI	383	0.1	0.4	4.897	5.535
shuff_leb	BMI	383	0.1	1000.0	7.904	6.611
ori_leb	BMI	384	0.1	0.4	4.928	5.782
shuff_leb	BMI	384	0.1	1000.0	7.779	7.173
ori_leb	BMI	385	0.1	0.6	4.801	7.274
shuff_leb	BMI	385	0.6	1.0	7.421	8.939
ori_leb	BMI	386	0.1	0.6	5.21	5.563
shuff_leb	BMI	386	0.1	1000.0	7.687	7.558
ori_leb	BMI	387	0.1	0.4	4.735	6.355
shuff_leb	BMI	387	0.1	1000.0	7.642	7.737
ori_leb	BMI	388	0.1	0.4	4.713	6.652
shuff_leb	BMI	388	0.1	1000.0	7.432	8.51
ori_leb	BMI	389	0.2	0.4	4.935	6.138
shuff_leb	BMI	389	0.1	1000.0	7.548	8.092
ori_leb	BMI	390	0.1	0.4	4.831	5.761
shuff_leb	BMI	390	0.1	1000.0	7.805	7.093
ori_leb	BMI	391	0.1	0.4	4.865	6.068
shuff_leb	BMI	391	0.1	1000.0	7.797	7.105
ori_leb	BMI	392	0.1	0.4	4.712	6.59
shuff_leb	BMI	392	0.8	1.0	7.584	8.154
ori_leb	BMI	393	0.1	0.6	4.971	6.551
shuff_leb	BMI	393	0.8	1.0	7.421	8.818
ori_leb	BMI	394	0.1	0.4	4.911	5.796
shuff_leb	BMI	394	0.6	1.0	7.762	7.154
ori_leb	BMI	395	0.2	0.4	4.719	6.73
shuff_leb	BMI	395	0.1	10.0	7.448	8.442
ori_leb	BMI	396	0.1	0.4	4.783	6.515
shuff_leb	BMI	396	0.1	10.0	7.412	8.568
ori_leb	BMI	397	0.1	0.6	4.9	6.867
shuff_leb	BMI	397	0.8	1.0	7.612	8.021
ori_leb	BMI	398	0.1	0.4	5.105	4.893
shuff_leb	BMI	398	0.1	1000.0	7.873	6.763
ori_leb	BMI	399	0.1	0.4	4.781	6.122
shuff_leb	BMI	399	0.1	1000.0	7.614	7.844
ori_leb	BMI	400	0.1	0.4	4.675	6.75
shuff_leb	BMI	400	0.1	1000.0	7.386	8.666
ori_leb	BMI	401	0.1	0.4	4.706	6.468
shuff_leb	BMI	401	0.1	1000.0	7.726	7.405
ori_leb	BMI	402	0.1	0.4	4.848	5.854
shuff_leb	BMI	402	0.1	1000.0	7.722	7.415
ori_leb	BMI	403	0.1	0.6	4.969	6.622
shuff_leb	BMI	403	0.1	10.0	7.4	8.62
ori_leb	BMI	404	0.1	0.4	4.727	6.341
shuff_leb	BMI	404	0.8	1.0	7.542	8.138
ori_leb	BMI	405	0.1	0.4	4.929	6.155
shuff_leb	BMI	405	0.1	1000.0	7.622	7.811
ori_leb	BMI	406	0.1	0.6	5.075	6.117
shuff_leb	BMI	406	0.1	1000.0	7.815	7.029
ori_leb	BMI	407	0.1	0.4	4.644	6.843
shuff_leb	BMI	407	0.1	1000.0	7.407	8.603
ori_leb	BMI	408	0.1	0.4	4.943	5.444
shuff_leb	BMI	408	0.1	1000.0	7.734	7.366
ori_leb	BMI	409	0.1	0.6	5.112	5.606
shuff_leb	BMI	409	0.1	1000.0	7.667	7.692
ori_leb	BMI	410	0.1	0.4	4.912	5.55
shuff_leb	BMI	410	0.1	1000.0	7.726	7.441
ori_leb	BMI	411	0.1	0.4	4.931	5.412
shuff_leb	BMI	411	0.8	1.0	7.885	6.692
ori_leb	BMI	412	0.1	0.4	4.595	6.652
shuff_leb	BMI	412	0.1	1000.0	7.447	8.461
ori_leb	BMI	413	0.1	0.4	4.925	5.727
shuff_leb	BMI	413	0.1	1000.0	7.897	6.644
ori_leb	BMI	414	0.1	0.6	5.272	4.762
shuff_leb	BMI	414	0.8	1.0	7.848	6.931
ori_leb	BMI	415	0.1	0.6	5.037	6.439
shuff_leb	BMI	415	0.1	1000.0	7.401	8.624
ori_leb	BMI	416	0.1	0.4	4.912	5.565
shuff_leb	BMI	416	0.1	1000.0	7.694	7.529
ori_leb	BMI	417	0.1	0.6	5.098	6.123
shuff_leb	BMI	417	0.4	1.0	7.683	8.141
ori_leb	BMI	418	0.1	0.4	4.875	5.688
shuff_leb	BMI	418	0.1	1000.0	7.711	7.467
ori_leb	BMI	419	0.1	0.4	4.875	5.783
shuff_leb	BMI	419	0.8	1.0	7.763	7.626
ori_leb	BMI	420	0.1	0.4	4.91	5.355
shuff_leb	BMI	420	0.1	1000.0	7.939	6.491
ori_leb	BMI	421	0.1	0.6	5.075	5.73
shuff_leb	BMI	421	0.1	1000.0	7.667	7.636
ori_leb	BMI	422	0.1	0.4	4.846	6.07
shuff_leb	BMI	422	0.4	1.0	7.612	7.986
ori_leb	BMI	423	0.1	0.6	5.162	5.37
shuff_leb	BMI	423	0.1	1000.0	7.875	6.762
ori_leb	BMI	424	0.2	0.4	5.019	5.412
shuff_leb	BMI	424	0.9	0.6	7.89	7.15
ori_leb	BMI	425	0.1	0.4	4.853	5.628
shuff_leb	BMI	425	0.9	1.0	7.965	6.381
ori_leb	BMI	426	0.1	0.4	4.731	6.514
shuff_leb	BMI	426	0.1	10.0	7.66	7.67
ori_leb	BMI	427	0.1	0.6	5.051	6.125
shuff_leb	BMI	427	0.1	1.0	7.64	8.758
ori_leb	BMI	428	0.1	0.6	5.123	5.751
shuff_leb	BMI	428	0.1	10.0	7.615	7.845
ori_leb	BMI	429	0.1	0.6	5.15	5.396
shuff_leb	BMI	429	0.8	0.6	8.143	7.202
ori_leb	BMI	430	0.1	0.4	4.534	7.141
shuff_leb	BMI	430	0.8	1.0	7.335	8.91
ori_leb	BMI	431	0.1	0.6	5.047	6.338
shuff_leb	BMI	431	0.1	10.0	7.565	8.08
ori_leb	BMI	432	0.1	0.6	4.932	6.445
shuff_leb	BMI	432	0.1	1000.0	7.641	7.741
ori_leb	BMI	433	0.1	0.4	4.828	5.907
shuff_leb	BMI	433	0.4	1.0	7.763	7.553
ori_leb	BMI	434	0.1	0.4	4.772	6.335
shuff_leb	BMI	434	0.1	1000.0	7.429	8.517
ori_leb	BMI	435	0.1	0.6	5.026	6.162
shuff_leb	BMI	435	0.1	1000.0	7.454	8.43
ori_leb	BMI	436	0.1	0.4	4.653	6.313
shuff_leb	BMI	436	0.8	1.0	7.812	7.414
ori_leb	BMI	437	0.1	0.4	4.563	6.977
shuff_leb	BMI	437	0.1	1000.0	7.489	8.332
ori_leb	BMI	438	0.1	0.4	4.809	6.36
shuff_leb	BMI	438	0.1	1000.0	8.027	5.993
ori_leb	BMI	439	0.1	0.4	4.761	6.117
shuff_leb	BMI	439	0.1	1000.0	7.557	8.062
ori_leb	BMI	440	0.1	0.6	5.286	4.962
shuff_leb	BMI	440	0.9	1.0	7.826	7.074
ori_leb	BMI	441	0.1	0.4	4.985	5.406
shuff_leb	BMI	441	0.1	1000.0	7.8	7.085
ori_leb	BMI	442	0.1	0.6	5.194	5.402
shuff_leb	BMI	442	0.1	10.0	7.954	6.392
ori_leb	BMI	443	0.1	0.6	5.095	6.032
shuff_leb	BMI	443	0.9	1.0	7.548	8.165
ori_leb	BMI	444	0.1	0.4	4.678	6.777
shuff_leb	BMI	444	0.1	1000.0	7.263	9.087
ori_leb	BMI	445	0.1	0.4	4.849	5.726
shuff_leb	BMI	445	0.2	1.0	8.157	6.735
ori_leb	BMI	446	0.1	0.4	4.79	5.764
shuff_leb	BMI	446	0.1	10.0	7.832	6.953
ori_leb	BMI	447	0.9	0.2	4.88	6.305
shuff_leb	BMI	447	0.6	1.0	7.756	7.429
ori_leb	BMI	448	0.1	0.6	5.232	5.367
shuff_leb	BMI	448	0.1	1000.0	7.886	6.782
ori_leb	BMI	449	0.1	0.6	5.041	5.924
shuff_leb	BMI	449	0.6	1.0	7.7	7.49
ori_leb	BMI	450	0.1	0.6	5.306	4.784
shuff_leb	BMI	450	0.1	1000.0	7.798	7.104
ori_leb	BMI	451	0.1	0.6	5.106	5.747
shuff_leb	BMI	451	0.1	1000.0	7.71	7.463
ori_leb	BMI	452	0.1	0.6	5.172	5.514
shuff_leb	BMI	452	0.1	1000.0	7.87	6.792
ori_leb	BMI	453	0.1	0.4	4.857	5.737
shuff_leb	BMI	453	0.1	1000.0	7.723	7.43
ori_leb	BMI	454	0.1	0.6	5.28	4.959
shuff_leb	BMI	454	0.8	1.0	7.966	6.654
ori_leb	BMI	455	0.1	0.4	4.759	6.032
shuff_leb	BMI	455	0.1	10.0	7.878	6.754
ori_leb	BMI	456	0.1	0.4	4.773	6.292
shuff_leb	BMI	456	0.8	1.0	7.511	8.507
ori_leb	BMI	457	0.1	0.4	4.749	6.199
shuff_leb	BMI	457	0.9	0.6	7.561	8.971
ori_leb	BMI	458	0.8	0.2	4.789	6.642
shuff_leb	BMI	458	0.6	1.0	7.814	7.514
ori_leb	BMI	459	0.1	0.4	4.485	7.291
shuff_leb	BMI	459	0.2	1.0	7.575	8.134
ori_leb	BMI	460	0.1	0.6	5.073	6.257
shuff_leb	BMI	460	0.8	0.6	7.936	7.627
ori_leb	BMI	461	0.1	0.4	4.738	6.017
shuff_leb	BMI	461	0.9	1.0	7.766	7.392
ori_leb	BMI	462	0.1	0.6	4.974	6.402
shuff_leb	BMI	462	0.9	1.0	7.52	8.197
ori_leb	BMI	463	0.1	0.4	4.822	5.636
shuff_leb	BMI	463	0.8	1.0	8.043	6.198
ori_leb	BMI	464	0.1	0.4	4.875	5.386
shuff_leb	BMI	464	0.1	1000.0	7.985	6.226
ori_leb	BMI	465	0.1	0.6	5.092	5.794
shuff_leb	BMI	465	0.1	1000.0	7.858	6.852
ori_leb	BMI	466	0.1	0.6	5.238	5.195
shuff_leb	BMI	466	0.1	1000.0	7.75	7.296
ori_leb	BMI	467	0.1	0.4	4.828	5.931
shuff_leb	BMI	467	0.1	1000.0	8.018	6.059
ori_leb	BMI	468	0.1	0.6	5.128	5.765
shuff_leb	BMI	468	0.1	1000.0	7.674	7.606
ori_leb	BMI	469	0.1	0.6	5.182	5.424
shuff_leb	BMI	469	0.1	1000.0	7.728	7.387
ori_leb	BMI	470	0.1	0.6	5.045	6.305
shuff_leb	BMI	470	0.8	1.0	7.502	8.324
ori_leb	BMI	471	0.1	0.6	5.071	6.001
shuff_leb	BMI	471	0.1	1000.0	7.722	7.48
ori_leb	BMI	472	0.1	0.4	4.646	7.028
shuff_leb	BMI	472	0.1	1000.0	7.403	8.629
ori_leb	BMI	473	0.1	0.4	4.815	5.823
shuff_leb	BMI	473	0.1	1000.0	7.56	8.048
ori_leb	BMI	474	0.1	0.4	4.374	7.771
shuff_leb	BMI	474	0.1	1000.0	7.216	9.252
ori_leb	BMI	475	0.1	0.6	5.105	5.523
shuff_leb	BMI	475	0.4	1.0	8.036	7.481
ori_leb	BMI	476	0.1	0.6	5.089	5.952
shuff_leb	BMI	476	0.1	1000.0	7.611	7.853
ori_leb	BMI	477	0.1	0.4	4.613	6.743
shuff_leb	BMI	477	0.1	1000.0	7.451	8.52
ori_leb	BMI	478	0.1	0.4	4.786	6.069
shuff_leb	BMI	478	0.1	1000.0	7.813	7.085
ori_leb	BMI	479	0.1	0.6	5.128	5.941
shuff_leb	BMI	479	0.1	1000.0	7.662	7.703
ori_leb	BMI	480	0.1	0.4	4.762	6.226
shuff_leb	BMI	480	0.1	1000.0	7.396	8.636
ori_leb	BMI	481	0.1	0.4	4.751	5.922
shuff_leb	BMI	481	0.1	1000.0	7.793	7.123
ori_leb	BMI	482	0.1	0.4	4.734	6.251
shuff_leb	BMI	482	0.1	1000.0	7.605	7.884
ori_leb	BMI	483	0.1	0.4	4.827	5.934
shuff_leb	BMI	483	0.1	1000.0	7.696	7.53
ori_leb	BMI	484	0.1	0.4	4.583	7.172
shuff_leb	BMI	484	0.1	1000.0	7.191	9.306
ori_leb	BMI	485	0.2	0.4	4.977	5.883
shuff_leb	BMI	485	0.4	1.0	7.821	7.691
ori_leb	BMI	486	0.2	0.4	4.937	5.625
shuff_leb	BMI	486	0.9	1.0	7.735	7.337
ori_leb	BMI	487	0.1	0.4	4.831	5.773
shuff_leb	BMI	487	0.1	1000.0	7.812	7.032
ori_leb	BMI	488	0.1	0.6	5.062	6.172
shuff_leb	BMI	488	0.6	1.0	7.406	8.523
ori_leb	BMI	489	0.1	0.6	5.019	5.999
shuff_leb	BMI	489	0.1	1000.0	7.752	7.31
ori_leb	BMI	490	0.1	0.4	4.6	7.246
shuff_leb	BMI	490	0.9	1.0	7.437	8.559
ori_leb	BMI	491	0.1	0.6	5.305	4.909
shuff_leb	BMI	491	0.1	1000.0	8.032	5.997
ori_leb	BMI	492	0.1	0.6	5.095	5.604
shuff_leb	BMI	492	0.1	1000.0	7.707	7.488
ori_leb	BMI	493	0.1	0.6	5.072	6.076
shuff_leb	BMI	493	0.1	1000.0	7.527	8.168
ori_leb	BMI	494	0.1	0.4	4.906	5.772
shuff_leb	BMI	494	0.4	1.0	7.796	7.627
ori_leb	BMI	495	0.1	0.4	4.682	6.71
shuff_leb	BMI	495	0.9	1.0	7.304	8.73
ori_leb	BMI	496	0.1	0.6	5.164	5.828
shuff_leb	BMI	496	0.1	1000.0	7.579	7.976
ori_leb	BMI	497	0.1	0.4	4.948	5.507
shuff_leb	BMI	497	0.1	1000.0	7.596	7.915
ori_leb	BMI	498	0.1	0.4	4.575	7.142
shuff_leb	BMI	498	0.9	0.6	7.51	8.957
ori_leb	BMI	499	0.1	0.6	5.168	5.464
shuff_leb	BMI	499	0.9	1.0	7.807	7.331
ori_leb	BMI	500	0.1	0.6	4.955	6.638
shuff_leb	BMI	500	0.1	1000.0	7.49	8.301
ori_leb	BMI	501	0.1	0.6	5.039	6.122
shuff_leb	BMI	501	0.9	1.0	7.596	8.038
ori_leb	BMI	502	0.1	0.6	4.977	6.181
shuff_leb	BMI	502	0.1	1000.0	7.628	7.816
ori_leb	BMI	503	0.1	0.6	5.094	5.657
shuff_leb	BMI	503	0.1	1000.0	7.729	7.396
ori_leb	BMI	504	0.1	0.4	4.605	6.631
shuff_leb	BMI	504	0.1	10.0	7.465	8.419
ori_leb	BMI	505	0.1	0.4	4.716	6.278
shuff_leb	BMI	505	0.1	1000.0	7.759	7.285
ori_leb	BMI	506	0.1	0.6	5.037	6.165
shuff_leb	BMI	506	0.1	1000.0	7.688	7.58
ori_leb	BMI	507	0.1	0.4	4.887	5.897
shuff_leb	BMI	507	0.4	1.0	7.604	7.9
ori_leb	BMI	508	0.1	0.4	4.984	5.492
shuff_leb	BMI	508	0.1	1000.0	8.045	5.919
ori_leb	BMI	509	0.1	0.4	4.848	5.912
shuff_leb	BMI	509	0.1	1000.0	7.825	6.978
ori_leb	BMI	510	0.1	0.4	4.727	6.365
shuff_leb	BMI	510	0.1	1000.0	7.484	8.339
ori_leb	BMI	511	0.1	0.4	4.869	6.03
shuff_leb	BMI	511	0.1	1000.0	7.726	7.405
ori_leb	BMI	512	0.1	0.6	5.043	6.061
shuff_leb	BMI	512	0.1	1000.0	7.626	7.796
ori_leb	BMI	513	0.1	0.4	4.808	5.928
shuff_leb	BMI	513	0.1	10.0	7.81	7.034
ori_leb	BMI	514	0.2	0.4	4.901	6.508
shuff_leb	BMI	514	0.1	1000.0	7.5	8.267
ori_leb	BMI	515	0.1	0.4	4.812	6.082
shuff_leb	BMI	515	0.1	1000.0	7.629	7.786
ori_leb	BMI	516	0.1	0.4	4.678	6.726
shuff_leb	BMI	516	0.1	1000.0	7.564	8.032
ori_leb	BMI	517	0.1	0.4	4.828	5.819
shuff_leb	BMI	517	0.9	1.0	7.688	7.771
ori_leb	BMI	518	0.1	0.6	5.183	5.373
shuff_leb	BMI	518	0.1	1000.0	7.76	7.255
ori_leb	BMI	519	0.1	0.6	5.005	6.288
shuff_leb	BMI	519	0.1	10.0	7.515	8.214
ori_leb	BMI	520	0.1	0.4	4.792	5.798
shuff_leb	BMI	520	0.8	1.0	7.701	7.75
ori_leb	BMI	521	0.1	0.4	4.906	5.796
shuff_leb	BMI	521	0.1	1000.0	7.76	7.263
ori_leb	BMI	522	0.1	0.4	5.005	4.758
shuff_leb	BMI	522	0.1	10.0	7.931	6.491
ori_leb	BMI	523	0.9	0.2	4.754	7.091
shuff_leb	BMI	523	0.1	1000.0	7.813	7.036
ori_leb	BMI	524	0.1	0.4	4.921	5.519
shuff_leb	BMI	524	0.9	1.0	7.77	7.445
ori_leb	BMI	525	0.1	0.6	4.916	6.434
shuff_leb	BMI	525	0.9	1.0	7.548	7.994
ori_leb	BMI	526	0.1	0.4	4.792	5.784
shuff_leb	BMI	526	0.1	1000.0	7.724	7.43
ori_leb	BMI	527	0.1	0.6	4.98	6.695
shuff_leb	BMI	527	0.9	1.0	7.683	7.607
ori_leb	BMI	528	0.1	0.4	4.646	6.9
shuff_leb	BMI	528	0.1	1000.0	7.402	8.622
ori_leb	BMI	529	0.1	0.6	5.092	5.831
shuff_leb	BMI	529	0.1	1000.0	7.711	7.469
ori_leb	BMI	530	0.1	0.4	4.906	5.535
shuff_leb	BMI	530	0.1	1000.0	7.575	7.989
ori_leb	BMI	531	0.1	0.4	4.925	5.511
shuff_leb	BMI	531	0.9	1.0	7.792	7.315
ori_leb	BMI	532	0.1	0.4	4.737	6.067
shuff_leb	BMI	532	0.9	0.6	7.81	7.794
ori_leb	BMI	533	0.1	0.6	5.268	5.028
shuff_leb	BMI	533	0.1	1000.0	7.816	7.037
ori_leb	BMI	534	0.1	0.4	4.561	6.935
shuff_leb	BMI	534	0.1	10.0	7.49	8.307
ori_leb	BMI	535	0.1	0.4	4.867	5.807
shuff_leb	BMI	535	0.1	1000.0	7.868	6.838
ori_leb	BMI	536	0.1	0.6	5.155	5.467
shuff_leb	BMI	536	0.1	1000.0	7.702	7.508
ori_leb	BMI	537	0.1	0.4	4.627	6.873
shuff_leb	BMI	537	0.9	1.0	7.314	8.841
ori_leb	BMI	538	0.1	0.6	5.045	5.99
shuff_leb	BMI	538	0.1	1000.0	7.79	7.123
ori_leb	BMI	539	0.1	0.6	5.152	5.884
shuff_leb	BMI	539	0.9	0.6	7.776	7.454
ori_leb	BMI	540	0.1	0.6	5.014	6.365
shuff_leb	BMI	540	0.1	1000.0	7.524	8.221
ori_leb	BMI	541	0.1	0.6	5.062	5.95
shuff_leb	BMI	541	0.4	1.0	7.789	8.0
ori_leb	BMI	542	0.1	0.4	4.771	6.342
shuff_leb	BMI	542	0.9	0.4	7.878	8.206
ori_leb	BMI	543	0.1	0.6	5.083	5.605
shuff_leb	BMI	543	0.1	1000.0	7.719	7.435
ori_leb	BMI	544	0.1	0.4	4.912	5.362
shuff_leb	BMI	544	0.1	10.0	7.726	7.428
ori_leb	BMI	545	0.1	0.4	4.881	6.038
shuff_leb	BMI	545	0.9	1.0	7.575	7.957
ori_leb	BMI	546	0.1	0.6	5.004	6.011
shuff_leb	BMI	546	0.1	1000.0	7.757	7.278
ori_leb	BMI	547	0.2	0.4	4.687	6.633
shuff_leb	BMI	547	0.1	1000.0	7.709	7.471
ori_leb	BMI	548	0.1	0.4	4.825	6.082
shuff_leb	BMI	548	0.1	10.0	7.589	7.946
ori_leb	BMI	549	0.1	0.6	5.131	5.406
shuff_leb	BMI	549	0.1	1000.0	7.824	6.976
ori_leb	BMI	550	0.1	0.4	4.926	5.557
shuff_leb	BMI	550	0.1	1000.0	7.697	7.519
ori_leb	BMI	551	0.1	0.4	4.741	6.428
shuff_leb	BMI	551	0.1	1.0	7.932	7.779
ori_leb	BMI	552	0.1	0.4	5.013	5.39
shuff_leb	BMI	552	0.9	1.0	7.787	7.475
ori_leb	BMI	553	0.2	0.4	4.746	6.935
shuff_leb	BMI	553	0.1	1000.0	7.763	7.248
ori_leb	BMI	554	0.2	0.4	4.991	5.536
shuff_leb	BMI	554	0.1	1000.0	7.67	7.624
ori_leb	BMI	555	0.1	0.4	4.816	6.077
shuff_leb	BMI	555	0.8	1.0	7.88	7.239
ori_leb	BMI	556	0.1	0.4	4.957	5.277
shuff_leb	BMI	556	0.1	1000.0	7.742	7.327
ori_leb	BMI	557	0.1	0.4	5.073	5.01
shuff_leb	BMI	557	0.6	1.0	7.917	6.428
ori_leb	BMI	558	0.1	0.4	4.908	5.786
shuff_leb	BMI	558	0.1	1000.0	7.555	8.07
ori_leb	BMI	559	0.1	0.4	4.75	6.349
shuff_leb	BMI	559	0.1	10.0	7.552	8.083
ori_leb	BMI	560	0.1	0.6	4.995	6.534
shuff_leb	BMI	560	0.1	1000.0	7.539	8.125
ori_leb	BMI	561	0.1	0.4	4.543	7.111
shuff_leb	BMI	561	0.1	1000.0	7.179	9.373
ori_leb	BMI	562	0.2	0.4	4.868	5.903
shuff_leb	BMI	562	0.9	1.0	7.976	6.513
ori_leb	BMI	563	0.1	0.4	4.604	7.4
shuff_leb	BMI	563	0.1	10.0	7.164	9.476
ori_leb	BMI	564	0.1	0.6	5.068	6.166
shuff_leb	BMI	564	0.9	0.6	7.814	7.614
ori_leb	BMI	565	0.1	0.4	4.645	6.5
shuff_leb	BMI	565	0.1	10.0	7.399	8.619
ori_leb	BMI	566	0.1	0.4	4.734	6.354
shuff_leb	BMI	566	0.1	1000.0	7.62	7.826
ori_leb	BMI	567	0.1	0.6	5.005	6.496
shuff_leb	BMI	567	0.9	1.0	7.435	8.608
ori_leb	BMI	568	0.2	0.2	4.358	6.842
shuff_leb	BMI	568	0.1	1000.0	7.815	7.037
ori_leb	BMI	569	0.1	0.4	4.609	6.311
shuff_leb	BMI	569	0.1	1000.0	7.726	7.398
ori_leb	BMI	570	0.1	0.6	5.08	5.693
shuff_leb	BMI	570	0.1	1000.0	7.832	6.944
ori_leb	BMI	571	0.1	0.6	5.097	6.033
shuff_leb	BMI	571	0.9	1.0	7.742	7.449
ori_leb	BMI	572	0.1	0.4	4.725	6.305
shuff_leb	BMI	572	0.1	1000.0	7.841	6.903
ori_leb	BMI	573	0.1	0.6	5.098	6.012
shuff_leb	BMI	573	0.1	1000.0	7.636	7.783
ori_leb	BMI	574	0.1	0.4	4.514	7.401
shuff_leb	BMI	574	0.9	1.0	7.063	9.77
ori_leb	BMI	575	0.1	0.4	4.735	6.191
shuff_leb	BMI	575	0.1	1000.0	7.592	7.933
ori_leb	BMI	576	0.1	0.6	5.142	5.671
shuff_leb	BMI	576	0.9	1.0	7.756	7.489
ori_leb	BMI	577	0.1	0.4	4.819	6.062
shuff_leb	BMI	577	0.1	1000.0	7.662	7.655
ori_leb	BMI	578	0.1	0.6	5.075	5.874
shuff_leb	BMI	578	0.1	1000.0	7.648	7.717
ori_leb	BMI	579	0.1	0.4	4.929	5.728
shuff_leb	BMI	579	0.1	1000.0	7.724	7.406
ori_leb	BMI	580	0.1	0.4	4.927	5.504
shuff_leb	BMI	580	0.1	1000.0	7.658	7.69
ori_leb	BMI	581	0.1	0.6	5.025	6.15
shuff_leb	BMI	581	0.1	1000.0	7.78	7.246
ori_leb	BMI	582	0.1	0.4	4.901	6.057
shuff_leb	BMI	582	0.4	1.0	7.719	7.767
ori_leb	BMI	583	0.1	0.4	4.849	6.131
shuff_leb	BMI	583	0.1	10.0	7.835	6.938
ori_leb	BMI	584	0.1	0.4	4.93	5.402
shuff_leb	BMI	584	0.1	1000.0	7.855	6.864
ori_leb	BMI	585	0.1	0.4	4.912	5.545
shuff_leb	BMI	585	0.2	1.0	7.985	7.199
ori_leb	BMI	586	0.1	0.4	4.909	5.821
shuff_leb	BMI	586	0.8	1.0	7.717	7.582
ori_leb	BMI	587	0.1	0.4	4.845	5.911
shuff_leb	BMI	587	0.4	1.0	7.739	7.947
ori_leb	BMI	588	0.1	0.4	4.768	6.091
shuff_leb	BMI	588	0.9	1.0	7.873	7.089
ori_leb	BMI	589	0.1	0.4	4.874	5.572
shuff_leb	BMI	589	0.1	1000.0	7.826	6.973
ori_leb	BMI	590	0.1	0.6	5.037	6.277
shuff_leb	BMI	590	0.9	1.0	7.654	7.725
ori_leb	BMI	591	0.1	0.6	5.162	5.941
shuff_leb	BMI	591	0.4	1.0	7.869	7.693
ori_leb	BMI	592	0.4	0.2	4.502	6.413
shuff_leb	BMI	592	0.1	1000.0	7.64	7.75
ori_leb	BMI	593	0.1	0.4	4.797	6.241
shuff_leb	BMI	593	0.1	1000.0	7.471	8.377
ori_leb	BMI	594	0.1	0.6	4.932	6.646
shuff_leb	BMI	594	0.1	10.0	7.564	8.038
ori_leb	BMI	595	0.1	0.4	4.748	6.502
shuff_leb	BMI	595	0.8	1.0	7.853	7.05
ori_leb	BMI	596	0.1	0.4	4.62	6.734
shuff_leb	BMI	596	0.9	1.0	7.525	8.233
ori_leb	BMI	597	0.1	0.4	4.783	6.218
shuff_leb	BMI	597	0.2	1.0	8.104	6.856
ori_leb	BMI	598	0.1	0.6	5.025	6.11
shuff_leb	BMI	598	0.1	1000.0	7.694	7.528
ori_leb	BMI	599	0.1	0.6	5.092	5.834
shuff_leb	BMI	599	0.1	1000.0	7.741	7.352
ori_leb	BMI	600	0.1	0.6	4.879	6.888
shuff_leb	BMI	600	0.4	1.0	7.812	7.734
ori_leb	BMI	601	0.1	0.6	5.217	5.33
shuff_leb	BMI	601	0.9	1.0	7.835	7.033
ori_leb	BMI	602	0.1	0.4	4.749	6.64
shuff_leb	BMI	602	0.6	1.0	7.584	8.107
ori_leb	BMI	603	0.1	0.6	5.137	5.329
shuff_leb	BMI	603	0.1	1000.0	7.85	6.985
ori_leb	BMI	604	0.1	0.4	4.93	5.731
shuff_leb	BMI	604	0.1	1000.0	7.545	8.103
ori_leb	BMI	605	0.1	0.4	4.847	6.094
shuff_leb	BMI	605	0.1	1.0	7.922	7.418
ori_leb	BMI	606	0.1	0.6	4.969	6.496
shuff_leb	BMI	606	0.1	1000.0	7.67	7.622
ori_leb	BMI	607	0.1	0.6	4.912	6.906
shuff_leb	BMI	607	0.1	1000.0	7.245	9.142
ori_leb	BMI	608	0.2	0.4	4.851	6.488
shuff_leb	BMI	608	0.1	1000.0	7.542	8.144
ori_leb	BMI	609	0.1	0.4	4.938	5.17
shuff_leb	BMI	609	0.1	10.0	7.891	6.679
ori_leb	BMI	610	0.1	0.4	4.94	5.522
shuff_leb	BMI	610	0.1	1000.0	7.746	7.323
ori_leb	BMI	611	0.1	0.6	5.172	5.394
shuff_leb	BMI	611	0.9	1.0	7.761	7.276
ori_leb	BMI	612	0.1	0.6	5.141	5.692
shuff_leb	BMI	612	0.1	1000.0	7.773	7.198
ori_leb	BMI	613	0.1	0.6	5.123	5.839
shuff_leb	BMI	613	0.1	1000.0	7.657	7.674
ori_leb	BMI	614	0.1	0.6	5.063	6.009
shuff_leb	BMI	614	0.1	1000.0	7.627	7.818
ori_leb	BMI	615	0.2	0.4	4.901	5.732
shuff_leb	BMI	615	0.1	1000.0	7.713	7.45
ori_leb	BMI	616	0.2	0.4	4.824	6.127
shuff_leb	BMI	616	0.4	1.0	7.692	7.437
ori_leb	BMI	617	0.1	0.4	4.793	6.187
shuff_leb	BMI	617	0.1	1000.0	7.766	7.23
ori_leb	BMI	618	0.1	0.4	4.8	6.085
shuff_leb	BMI	618	0.9	1.0	7.533	8.127
ori_leb	BMI	619	0.1	0.6	5.276	4.912
shuff_leb	BMI	619	0.1	1000.0	7.795	7.117
ori_leb	BMI	620	0.1	0.4	4.862	5.686
shuff_leb	BMI	620	0.1	10.0	7.845	6.91
ori_leb	BMI	621	0.1	0.6	5.116	5.811
shuff_leb	BMI	621	0.8	1.0	7.644	7.762
ori_leb	BMI	622	0.1	0.6	4.97	6.381
shuff_leb	BMI	622	0.1	1000.0	7.457	8.425
ori_leb	BMI	623	0.1	0.4	4.756	6.496
shuff_leb	BMI	623	0.8	1.0	7.571	8.14
ori_leb	BMI	624	0.4	0.4	4.97	6.324
shuff_leb	BMI	624	0.1	1000.0	7.587	7.95
ori_leb	BMI	625	0.1	0.6	4.864	6.86
shuff_leb	BMI	625	0.1	1000.0	7.4	8.618
ori_leb	BMI	626	0.1	0.6	4.99	6.45
shuff_leb	BMI	626	0.1	1000.0	7.47	8.374
ori_leb	BMI	627	0.1	0.4	4.691	6.499
shuff_leb	BMI	627	0.1	1000.0	7.571	8.007
ori_leb	BMI	628	0.1	0.6	5.212	5.364
shuff_leb	BMI	628	0.1	1000.0	7.737	7.349
ori_leb	BMI	629	0.1	0.6	5.078	6.153
shuff_leb	BMI	629	0.1	1000.0	7.368	8.727
ori_leb	BMI	630	0.1	0.6	5.045	6.067
shuff_leb	BMI	630	0.1	1000.0	7.678	7.6
ori_leb	BMI	631	0.1	0.6	4.981	6.695
shuff_leb	BMI	631	0.1	1000.0	7.385	8.667
ori_leb	BMI	632	0.1	0.4	4.847	6.101
shuff_leb	BMI	632	0.1	1000.0	7.737	7.353
ori_leb	BMI	633	0.1	0.6	4.986	6.756
shuff_leb	BMI	633	0.6	1.0	7.233	9.223
ori_leb	BMI	634	0.1	0.4	4.719	6.55
shuff_leb	BMI	634	0.4	1.0	7.493	8.631
ori_leb	BMI	635	0.1	0.6	5.162	5.589
shuff_leb	BMI	635	0.6	1.0	7.658	7.727
ori_leb	BMI	636	0.1	0.4	4.999	4.931
shuff_leb	BMI	636	0.8	1.0	7.857	7.23
ori_leb	BMI	637	0.1	0.4	4.753	6.161
shuff_leb	BMI	637	0.1	1000.0	7.403	8.646
ori_leb	BMI	638	0.1	0.4	4.646	6.611
shuff_leb	BMI	638	0.1	1000.0	7.586	7.954
ori_leb	BMI	639	0.1	0.4	4.808	6.1
shuff_leb	BMI	639	0.1	1000.0	7.777	7.19
ori_leb	BMI	640	0.1	0.4	4.883	5.526
shuff_leb	BMI	640	0.6	1.0	8.095	6.555
ori_leb	BMI	641	0.1	0.6	4.885	6.964
shuff_leb	BMI	641	0.9	1.0	7.207	9.172
ori_leb	BMI	642	0.1	0.6	4.997	6.184
shuff_leb	BMI	642	0.1	1000.0	7.718	7.429
ori_leb	BMI	643	0.1	0.4	4.769	6.324
shuff_leb	BMI	643	0.1	1000.0	7.366	8.759
ori_leb	BMI	644	0.1	0.4	4.836	6.18
shuff_leb	BMI	644	0.9	1.0	7.45	8.371
ori_leb	BMI	645	0.2	0.4	4.977	5.686
shuff_leb	BMI	645	0.6	0.6	7.865	7.503
ori_leb	BMI	646	0.1	0.4	4.911	5.609
shuff_leb	BMI	646	0.1	10.0	7.549	8.139
ori_leb	BMI	647	0.1	0.6	4.954	6.534
shuff_leb	BMI	647	0.1	1000.0	7.519	8.222
ori_leb	BMI	648	0.1	0.6	5.073	5.805
shuff_leb	BMI	648	0.1	1000.0	7.751	7.289
ori_leb	BMI	649	0.1	0.6	5.062	6.252
shuff_leb	BMI	649	0.8	1.0	7.5	8.439
ori_leb	BMI	650	0.1	0.6	5.198	5.282
shuff_leb	BMI	650	0.1	1000.0	8.077	5.735
ori_leb	BMI	651	0.1	0.6	4.814	6.987
shuff_leb	BMI	651	0.1	1000.0	7.389	8.663
ori_leb	BMI	652	0.1	0.6	5.074	6.156
shuff_leb	BMI	652	0.1	1000.0	7.577	8.0
ori_leb	BMI	653	0.1	0.4	4.878	5.517
shuff_leb	BMI	653	0.1	1000.0	7.769	7.241
ori_leb	BMI	654	0.1	0.6	5.026	6.262
shuff_leb	BMI	654	0.1	1000.0	7.738	7.364
ori_leb	BMI	655	0.1	0.6	4.853	7.1
shuff_leb	BMI	655	0.1	1.0	7.694	8.632
ori_leb	BMI	656	0.1	0.6	4.905	6.862
shuff_leb	BMI	656	0.1	1000.0	7.386	8.675
ori_leb	BMI	657	0.1	0.6	5.07	5.816
shuff_leb	BMI	657	0.6	1.0	7.782	7.654
ori_leb	BMI	658	0.1	0.6	4.887	6.56
shuff_leb	BMI	658	0.9	1.0	7.679	7.832
ori_leb	BMI	659	0.1	0.6	5.189	5.557
shuff_leb	BMI	659	0.9	1.0	7.673	7.686
ori_leb	BMI	660	0.1	0.6	5.122	5.47
shuff_leb	BMI	660	0.1	1000.0	7.86	6.819
ori_leb	BMI	661	0.1	0.2	4.357	6.939
shuff_leb	BMI	661	0.1	1000.0	7.665	7.653
ori_leb	BMI	662	0.1	0.4	4.67	6.688
shuff_leb	BMI	662	0.1	1000.0	7.356	8.791
ori_leb	BMI	663	0.1	0.6	5.06	6.407
shuff_leb	BMI	663	0.8	1.0	7.468	8.479
ori_leb	BMI	664	0.1	0.6	5.071	6.086
shuff_leb	BMI	664	0.1	1000.0	7.794	7.122
ori_leb	BMI	665	0.1	0.6	5.006	6.45
shuff_leb	BMI	665	0.1	1000.0	7.573	7.999
ori_leb	BMI	666	0.1	0.4	4.705	6.551
shuff_leb	BMI	666	0.1	1000.0	7.529	8.179
ori_leb	BMI	667	0.1	0.4	5.011	5.278
shuff_leb	BMI	667	0.9	1.0	8.02	6.655
ori_leb	BMI	668	0.1	0.4	4.914	5.616
shuff_leb	BMI	668	0.1	1000.0	7.765	7.247
ori_leb	BMI	669	0.1	0.6	4.973	6.44
shuff_leb	BMI	669	0.1	1000.0	7.431	8.514
ori_leb	BMI	670	0.9	0.2	4.79	6.801
shuff_leb	BMI	670	0.1	1000.0	7.477	8.348
ori_leb	BMI	671	0.1	0.4	4.762	5.97
shuff_leb	BMI	671	0.1	1000.0	7.634	7.778
ori_leb	BMI	672	0.1	0.4	4.93	5.399
shuff_leb	BMI	672	0.6	1.0	7.758	7.615
ori_leb	BMI	673	0.1	0.4	4.8	5.93
shuff_leb	BMI	673	0.1	1000.0	7.87	6.769
ori_leb	BMI	674	0.1	0.6	4.679	7.598
shuff_leb	BMI	674	0.1	10.0	7.096	9.614
ori_leb	BMI	675	0.1	0.4	4.892	5.577
shuff_leb	BMI	675	0.1	1000.0	7.899	6.635
ori_leb	BMI	676	0.1	0.6	5.038	6.182
shuff_leb	BMI	676	0.1	1000.0	7.69	7.548
ori_leb	BMI	677	0.1	0.6	4.969	6.281
shuff_leb	BMI	677	0.1	1000.0	7.611	7.853
ori_leb	BMI	678	0.1	0.6	5.058	6.028
shuff_leb	BMI	678	0.1	1000.0	7.495	8.301
ori_leb	BMI	679	0.1	0.4	4.984	5.307
shuff_leb	BMI	679	0.8	1.0	7.725	7.669
ori_leb	BMI	680	0.1	0.4	4.672	6.778
shuff_leb	BMI	680	0.1	1000.0	7.508	8.236
ori_leb	BMI	681	0.1	0.6	4.959	6.695
shuff_leb	BMI	681	0.4	1.0	7.624	8.427
ori_leb	BMI	682	0.1	0.6	4.994	6.342
shuff_leb	BMI	682	0.1	10.0	7.63	7.828
ori_leb	BMI	683	0.1	0.6	5.13	5.819
shuff_leb	BMI	683	0.9	1.0	7.774	7.293
ori_leb	BMI	684	0.1	0.6	4.954	6.433
shuff_leb	BMI	684	0.1	1000.0	7.603	7.895
ori_leb	BMI	685	0.1	0.4	4.707	6.701
shuff_leb	BMI	685	0.1	1000.0	7.585	7.984
ori_leb	BMI	686	0.1	0.6	5.145	5.42
shuff_leb	BMI	686	0.2	1.0	7.995	7.521
ori_leb	BMI	687	0.1	0.4	4.844	5.866
shuff_leb	BMI	687	0.1	1000.0	7.608	7.898
ori_leb	BMI	688	0.1	0.4	4.631	6.679
shuff_leb	BMI	688	0.1	1000.0	7.783	7.166
ori_leb	BMI	689	0.1	0.4	4.817	6.221
shuff_leb	BMI	689	0.2	1.0	7.69	8.175
ori_leb	BMI	690	0.1	0.4	4.645	6.63
shuff_leb	BMI	690	0.9	1.0	7.412	8.645
ori_leb	BMI	691	0.1	0.4	4.931	5.796
shuff_leb	BMI	691	0.1	1000.0	7.842	6.911
ori_leb	BMI	692	0.1	0.6	5.071	5.766
shuff_leb	BMI	692	0.1	1000.0	7.618	7.836
ori_leb	BMI	693	0.1	0.6	5.079	6.063
shuff_leb	BMI	693	0.8	0.6	7.922	7.678
ori_leb	BMI	694	0.2	0.2	4.586	5.88
shuff_leb	BMI	694	0.1	10.0	7.842	6.997
ori_leb	BMI	695	0.1	0.4	4.937	5.106
shuff_leb	BMI	695	0.1	1000.0	7.932	6.475
ori_leb	BMI	696	0.1	0.6	5.13	5.741
shuff_leb	BMI	696	0.9	1.0	7.752	7.506
ori_leb	BMI	697	0.1	0.4	5.001	5.64
shuff_leb	BMI	697	0.1	1000.0	7.783	7.201
ori_leb	BMI	698	0.1	0.4	4.972	5.181
shuff_leb	BMI	698	0.4	1.0	7.774	7.415
ori_leb	BMI	699	0.1	0.6	5.099	5.496
shuff_leb	BMI	699	0.1	10.0	7.786	7.138
ori_leb	BMI	700	0.1	0.4	4.88	5.452
shuff_leb	BMI	700	0.1	1000.0	7.902	6.633
ori_leb	BMI	701	0.1	0.4	4.67	6.738
shuff_leb	BMI	701	0.1	1000.0	7.267	9.066
ori_leb	BMI	702	0.1	0.4	4.86	5.811
shuff_leb	BMI	702	0.1	1000.0	7.787	7.139
ori_leb	BMI	703	0.1	0.2	4.473	6.515
shuff_leb	BMI	703	0.1	10.0	7.681	7.602
ori_leb	BMI	704	0.1	0.4	4.896	5.607
shuff_leb	BMI	704	0.8	1.0	7.661	7.836
ori_leb	BMI	705	0.1	0.4	4.781	6.077
shuff_leb	BMI	705	0.1	1000.0	7.727	7.41
ori_leb	BMI	706	0.1	0.6	5.2	5.175
shuff_leb	BMI	706	0.1	10.0	7.876	6.746
ori_leb	BMI	707	0.1	0.6	5.224	5.371
shuff_leb	BMI	707	0.1	1000.0	7.834	6.934
ori_leb	BMI	708	0.1	0.4	4.76	6.161
shuff_leb	BMI	708	0.1	1000.0	7.655	7.691
ori_leb	BMI	709	0.1	0.4	4.913	5.483
shuff_leb	BMI	709	0.1	10.0	7.783	7.167
ori_leb	BMI	710	0.1	0.6	4.931	6.279
shuff_leb	BMI	710	0.1	1000.0	7.546	8.104
ori_leb	BMI	711	0.1	0.4	4.998	5.13
shuff_leb	BMI	711	0.8	1.0	7.683	7.773
ori_leb	BMI	712	0.1	0.6	5.111	5.671
shuff_leb	BMI	712	0.1	1000.0	7.674	7.619
ori_leb	BMI	713	0.1	0.4	4.782	5.98
shuff_leb	BMI	713	0.1	1000.0	7.617	7.837
ori_leb	BMI	714	0.1	0.4	4.808	6.01
shuff_leb	BMI	714	0.1	1000.0	7.6	7.897
ori_leb	BMI	715	0.1	0.6	5.199	5.641
shuff_leb	BMI	715	0.9	1.0	7.6	7.857
ori_leb	BMI	716	0.1	0.4	4.861	5.914
shuff_leb	BMI	716	0.1	1000.0	7.843	6.891
ori_leb	BMI	717	0.1	0.4	4.749	6.186
shuff_leb	BMI	717	0.1	1000.0	7.501	8.285
ori_leb	BMI	718	0.1	0.4	4.858	5.643
shuff_leb	BMI	718	0.1	10.0	7.728	7.407
ori_leb	BMI	719	0.1	0.4	4.686	6.466
shuff_leb	BMI	719	0.1	10.0	7.545	8.132
ori_leb	BMI	720	0.4	0.4	5.003	6.282
shuff_leb	BMI	720	0.2	1.0	7.877	7.174
ori_leb	BMI	721	0.1	0.6	5.038	6.331
shuff_leb	BMI	721	0.8	1.0	7.568	7.93
ori_leb	BMI	722	0.1	0.4	4.933	5.624
shuff_leb	BMI	722	0.1	1000.0	7.846	6.964
ori_leb	BMI	723	0.1	0.4	4.599	6.665
shuff_leb	BMI	723	0.1	1000.0	7.577	8.056
ori_leb	BMI	724	0.1	0.6	5.033	6.125
shuff_leb	BMI	724	0.1	1000.0	7.584	7.982
ori_leb	BMI	725	0.1	0.6	5.103	5.824
shuff_leb	BMI	725	0.1	1000.0	7.739	7.343
ori_leb	BMI	726	0.1	0.6	5.168	5.439
shuff_leb	BMI	726	0.1	1000.0	7.786	7.15
ori_leb	BMI	727	0.1	0.4	4.696	6.444
shuff_leb	BMI	727	0.1	10.0	7.529	8.163
ori_leb	BMI	728	0.1	0.4	4.87	5.616
shuff_leb	BMI	728	0.9	1.0	7.764	7.189
ori_leb	BMI	729	0.1	0.4	4.769	6.334
shuff_leb	BMI	729	0.1	1000.0	7.518	8.206
ori_leb	BMI	730	0.1	0.6	4.815	7.066
shuff_leb	BMI	730	0.6	1.0	7.279	9.104
ori_leb	BMI	731	0.1	0.4	4.802	5.836
shuff_leb	BMI	731	0.1	1.0	7.996	7.696
ori_leb	BMI	732	0.1	0.4	4.808	6.129
shuff_leb	BMI	732	0.1	1000.0	7.372	8.712
ori_leb	BMI	733	0.1	0.4	4.823	6.145
shuff_leb	BMI	733	0.1	1000.0	7.728	7.463
ori_leb	BMI	734	0.6	0.2	4.585	6.832
shuff_leb	BMI	734	0.6	1.0	7.3	9.226
ori_leb	BMI	735	0.1	0.4	4.862	5.929
shuff_leb	BMI	735	0.1	1000.0	7.575	7.993
ori_leb	BMI	736	0.1	0.6	5.162	5.464
shuff_leb	BMI	736	0.1	1000.0	7.848	6.878
ori_leb	BMI	737	0.1	0.6	4.946	6.414
shuff_leb	BMI	737	0.1	1000.0	7.521	8.204
ori_leb	BMI	738	0.1	0.4	4.728	6.713
shuff_leb	BMI	738	0.1	1000.0	7.64	7.803
ori_leb	BMI	739	0.1	0.4	4.745	6.111
shuff_leb	BMI	739	0.1	10.0	7.567	8.045
ori_leb	BMI	740	0.2	0.4	4.84	6.25
shuff_leb	BMI	740	0.1	10.0	7.781	7.163
ori_leb	BMI	741	0.1	0.4	4.75	6.296
shuff_leb	BMI	741	0.1	1000.0	7.638	7.749
ori_leb	BMI	742	0.1	0.4	4.86	5.973
shuff_leb	BMI	742	0.1	1000.0	7.677	7.596
ori_leb	BMI	743	0.1	0.4	4.817	6.099
shuff_leb	BMI	743	0.1	1000.0	7.686	7.563
ori_leb	BMI	744	0.1	0.4	4.647	6.712
shuff_leb	BMI	744	0.1	1000.0	7.324	8.876
ori_leb	BMI	745	0.1	0.4	4.763	6.106
shuff_leb	BMI	745	0.1	1000.0	7.503	8.27
ori_leb	BMI	746	0.1	0.6	5.059	5.753
shuff_leb	BMI	746	0.8	0.6	8.012	7.686
ori_leb	BMI	747	0.1	0.6	4.977	6.394
shuff_leb	BMI	747	0.1	1000.0	7.491	8.297
ori_leb	BMI	748	0.1	0.4	4.726	5.98
shuff_leb	BMI	748	0.8	1.0	7.857	6.969
ori_leb	BMI	749	0.1	0.6	4.987	6.626
shuff_leb	BMI	749	0.1	1000.0	7.345	8.862
ori_leb	BMI	750	0.1	0.6	5.08	6.117
shuff_leb	BMI	750	0.2	1.0	7.819	8.121
ori_leb	BMI	751	0.1	0.4	4.797	5.975
shuff_leb	BMI	751	0.1	1000.0	7.715	7.445
ori_leb	BMI	752	0.1	0.4	4.724	6.305
shuff_leb	BMI	752	0.1	1000.0	7.586	7.958
ori_leb	BMI	753	0.1	0.6	5.135	5.816
shuff_leb	BMI	753	0.1	1000.0	7.721	7.417
ori_leb	BMI	754	0.1	0.6	5.145	5.73
shuff_leb	BMI	754	0.1	1000.0	7.667	7.683
ori_leb	BMI	755	0.1	0.6	5.082	5.557
shuff_leb	BMI	755	0.1	1000.0	7.891	6.694
ori_leb	BMI	756	0.1	0.4	4.724	6.723
shuff_leb	BMI	756	0.1	1000.0	7.663	7.652
ori_leb	BMI	757	0.1	0.4	4.826	5.857
shuff_leb	BMI	757	0.1	1000.0	7.712	7.471
ori_leb	BMI	758	0.1	0.6	5.111	6.024
shuff_leb	BMI	758	0.1	1000.0	7.59	7.932
ori_leb	BMI	759	0.1	0.6	5.149	5.444
shuff_leb	BMI	759	0.1	10.0	7.839	6.914
ori_leb	BMI	760	0.1	0.4	4.817	5.732
shuff_leb	BMI	760	0.1	1000.0	7.816	7.012
ori_leb	BMI	761	0.1	0.4	4.914	5.821
shuff_leb	BMI	761	0.1	1000.0	7.632	7.784
ori_leb	BMI	762	0.1	0.6	5.082	5.938
shuff_leb	BMI	762	0.1	1000.0	7.516	8.219
ori_leb	BMI	763	0.1	0.6	5.116	5.611
shuff_leb	BMI	763	0.4	1.0	7.834	7.702
ori_leb	BMI	764	0.1	0.4	4.722	6.561
shuff_leb	BMI	764	0.1	1000.0	7.555	8.074
ori_leb	BMI	765	0.1	0.4	4.955	5.407
shuff_leb	BMI	765	0.8	1.0	7.772	7.39
ori_leb	BMI	766	0.1	0.6	5.09	6.231
shuff_leb	BMI	766	0.9	0.6	7.533	8.196
ori_leb	BMI	767	0.2	0.2	4.419	6.523
shuff_leb	BMI	767	0.1	1000.0	7.65	7.712
ori_leb	BMI	768	0.2	0.4	4.903	6.552
shuff_leb	BMI	768	0.1	10.0	7.474	8.365
ori_leb	BMI	769	0.8	0.2	4.8	6.874
shuff_leb	BMI	769	0.1	1000.0	7.664	7.674
ori_leb	BMI	770	0.1	0.4	4.738	6.676
shuff_leb	BMI	770	0.6	1.0	7.285	9.118
ori_leb	BMI	771	0.1	0.4	4.984	5.349
shuff_leb	BMI	771	0.1	1000.0	7.975	6.294
ori_leb	BMI	772	0.1	0.6	5.151	5.665
shuff_leb	BMI	772	0.1	1000.0	7.572	8.006
ori_leb	BMI	773	0.1	0.4	4.844	5.955
shuff_leb	BMI	773	0.9	1.0	7.406	8.497
ori_leb	BMI	774	0.1	0.4	4.658	6.561
shuff_leb	BMI	774	0.1	1000.0	7.628	7.807
ori_leb	BMI	775	0.1	0.4	4.903	5.835
shuff_leb	BMI	775	0.9	1.0	7.709	7.54
ori_leb	BMI	776	0.1	0.4	4.45	7.155
shuff_leb	BMI	776	0.1	1000.0	7.398	8.658
ori_leb	BMI	777	0.1	0.6	5.181	5.589
shuff_leb	BMI	777	0.1	1000.0	7.677	7.613
ori_leb	BMI	778	0.1	0.4	4.838	5.853
shuff_leb	BMI	778	0.1	1000.0	7.579	7.98
ori_leb	BMI	779	0.1	0.6	5.028	5.925
shuff_leb	BMI	779	0.1	1000.0	7.702	7.492
ori_leb	BMI	780	0.2	0.4	5.077	5.369
shuff_leb	BMI	780	0.1	1000.0	7.684	7.589
ori_leb	BMI	781	0.1	0.6	5.11	5.849
shuff_leb	BMI	781	0.1	1000.0	7.685	7.572
ori_leb	BMI	782	0.1	0.4	4.716	6.426
shuff_leb	BMI	782	0.1	1000.0	7.533	8.148
ori_leb	BMI	783	0.1	0.4	4.726	6.69
shuff_leb	BMI	783	0.1	1000.0	7.569	8.016
ori_leb	BMI	784	0.1	0.6	5.19	5.597
shuff_leb	BMI	784	0.1	1000.0	7.743	7.344
ori_leb	BMI	785	0.1	0.6	5.153	5.835
shuff_leb	BMI	785	0.1	1000.0	7.752	7.293
ori_leb	BMI	786	0.1	0.4	4.784	5.988
shuff_leb	BMI	786	0.4	1.0	7.542	8.201
ori_leb	BMI	787	0.1	0.4	4.938	5.443
shuff_leb	BMI	787	0.1	1000.0	7.709	7.467
ori_leb	BMI	788	0.1	0.6	5.149	5.656
shuff_leb	BMI	788	0.4	1.0	7.939	7.009
ori_leb	BMI	789	0.1	0.6	5.071	6.357
shuff_leb	BMI	789	0.1	1000.0	7.464	8.396
ori_leb	BMI	790	0.1	0.4	4.667	6.82
shuff_leb	BMI	790	0.8	1.0	7.291	8.981
ori_leb	BMI	791	0.1	0.6	5.071	6.156
shuff_leb	BMI	791	0.1	1000.0	7.798	7.09
ori_leb	BMI	792	0.1	0.4	4.777	6.211
shuff_leb	BMI	792	0.9	1.0	7.668	7.476
ori_leb	BMI	793	0.1	0.4	4.834	6.099
shuff_leb	BMI	793	0.4	1.0	7.497	8.719
ori_leb	BMI	794	0.1	0.4	4.756	6.193
shuff_leb	BMI	794	0.1	1000.0	7.452	8.492
ori_leb	BMI	795	0.1	0.6	4.986	6.176
shuff_leb	BMI	795	0.9	1.0	7.8	7.238
ori_leb	BMI	796	0.1	0.6	5.106	5.51
shuff_leb	BMI	796	0.4	1.0	8.052	7.257
ori_leb	BMI	797	0.9	0.2	4.709	7.292
shuff_leb	BMI	797	0.6	1.0	7.641	7.875
ori_leb	BMI	798	0.1	0.6	5.141	5.843
shuff_leb	BMI	798	0.1	1000.0	7.685	7.622
ori_leb	BMI	799	0.1	0.4	4.952	5.362
shuff_leb	BMI	799	0.1	1000.0	7.856	6.859
ori_leb	BMI	800	0.1	0.4	4.707	6.409
shuff_leb	BMI	800	0.9	1.0	7.562	8.174
ori_leb	BMI	801	0.1	0.4	4.764	6.235
shuff_leb	BMI	801	0.9	1.0	7.624	7.9
ori_leb	BMI	802	0.1	0.4	5.004	4.988
shuff_leb	BMI	802	0.9	1.0	8.056	6.025
ori_leb	BMI	803	0.1	0.4	4.636	6.765
shuff_leb	BMI	803	0.1	1000.0	7.488	8.324
ori_leb	BMI	804	0.1	0.4	4.808	5.829
shuff_leb	BMI	804	0.1	10.0	7.778	7.184
ori_leb	BMI	805	0.1	0.6	5.186	5.538
shuff_leb	BMI	805	0.1	1.0	7.976	7.716
ori_leb	BMI	806	0.1	0.4	4.841	6.113
shuff_leb	BMI	806	0.6	1.0	7.838	7.267
ori_leb	BMI	807	0.1	0.6	5.152	5.399
shuff_leb	BMI	807	0.4	1.0	8.034	7.125
ori_leb	BMI	808	0.1	0.4	4.922	5.387
shuff_leb	BMI	808	0.1	1000.0	7.749	7.307
ori_leb	BMI	809	0.1	0.6	4.827	6.938
shuff_leb	BMI	809	0.1	10.0	7.43	8.516
ori_leb	BMI	810	0.1	0.6	4.932	6.866
shuff_leb	BMI	810	0.1	1000.0	7.411	8.585
ori_leb	BMI	811	0.1	0.4	4.535	6.779
shuff_leb	BMI	811	0.1	1000.0	7.325	8.886
ori_leb	BMI	812	0.1	0.6	5.133	5.786
shuff_leb	BMI	812	0.1	1000.0	7.569	8.012
ori_leb	BMI	813	0.1	0.6	5.184	5.519
shuff_leb	BMI	813	0.1	1000.0	7.747	7.331
ori_leb	BMI	814	0.1	0.4	4.534	7.301
shuff_leb	BMI	814	0.1	1000.0	7.156	9.407
ori_leb	BMI	815	0.1	0.4	4.981	5.249
shuff_leb	BMI	815	0.1	1000.0	7.704	7.493
ori_leb	BMI	816	0.1	0.4	4.721	6.644
shuff_leb	BMI	816	0.1	1000.0	7.584	7.955
ori_leb	BMI	817	0.1	0.4	4.843	6.608
shuff_leb	BMI	817	0.1	1000.0	7.423	8.536
ori_leb	BMI	818	0.1	0.4	4.98	5.173
shuff_leb	BMI	818	0.9	1.0	7.75	7.232
ori_leb	BMI	819	0.1	0.6	4.995	6.309
shuff_leb	BMI	819	0.1	1000.0	7.512	8.221
ori_leb	BMI	820	0.1	0.6	4.922	6.667
shuff_leb	BMI	820	0.1	10.0	7.309	8.943
ori_leb	BMI	821	0.1	0.4	4.584	6.844
shuff_leb	BMI	821	0.1	1000.0	7.653	7.689
ori_leb	BMI	822	0.1	0.4	4.809	5.947
shuff_leb	BMI	822	0.1	1000.0	7.558	8.056
ori_leb	BMI	823	0.1	0.4	4.876	6.224
shuff_leb	BMI	823	0.1	1000.0	7.636	7.759
ori_leb	BMI	824	0.1	0.4	4.886	5.7
shuff_leb	BMI	824	0.9	0.6	8.0	7.112
ori_leb	BMI	825	0.1	0.6	5.056	6.013
shuff_leb	BMI	825	0.9	1.0	7.663	7.693
ori_leb	BMI	826	0.1	0.6	5.06	6.067
shuff_leb	BMI	826	0.1	1000.0	7.727	7.398
ori_leb	BMI	827	0.1	0.4	4.719	6.754
shuff_leb	BMI	827	0.9	1.0	7.444	8.479
ori_leb	BMI	828	0.1	0.4	4.804	6.128
shuff_leb	BMI	828	0.9	1.0	7.648	7.666
ori_leb	BMI	829	0.1	0.6	5.205	5.145
shuff_leb	BMI	829	0.8	1.0	7.882	6.934
ori_leb	BMI	830	0.1	0.6	4.949	6.702
shuff_leb	BMI	830	0.4	1.0	7.503	8.382
ori_leb	BMI	831	0.1	0.4	4.69	6.544
shuff_leb	BMI	831	0.1	1000.0	7.563	8.037
ori_leb	BMI	832	0.1	0.6	5.209	5.33
shuff_leb	BMI	832	0.1	1000.0	7.729	7.417
ori_leb	BMI	833	0.1	0.4	4.924	5.661
shuff_leb	BMI	833	0.1	1000.0	7.706	7.483
ori_leb	BMI	834	0.1	0.4	4.733	6.498
shuff_leb	BMI	834	0.1	10.0	7.731	7.379
ori_leb	BMI	835	0.1	0.4	4.807	5.742
shuff_leb	BMI	835	0.6	1.0	7.741	7.444
ori_leb	BMI	836	0.1	0.6	5.085	5.952
shuff_leb	BMI	836	0.1	10.0	7.704	7.481
ori_leb	BMI	837	0.1	0.4	4.891	5.641
shuff_leb	BMI	837	0.8	1.0	7.676	7.654
ori_leb	BMI	838	0.1	0.4	4.795	6.359
shuff_leb	BMI	838	0.4	1.0	7.76	7.603
ori_leb	BMI	839	0.1	0.6	5.058	5.962
shuff_leb	BMI	839	0.1	10.0	7.714	7.448
ori_leb	BMI	840	0.1	0.4	4.953	5.394
shuff_leb	BMI	840	0.1	1000.0	7.647	7.735
ori_leb	BMI	841	0.1	0.6	5.112	6.195
shuff_leb	BMI	841	0.1	1000.0	7.712	7.453
ori_leb	BMI	842	0.1	0.4	4.895	6.161
shuff_leb	BMI	842	0.1	1000.0	7.687	7.561
ori_leb	BMI	843	0.1	0.4	4.631	6.953
shuff_leb	BMI	843	0.4	1.0	7.346	8.766
ori_leb	BMI	844	0.1	0.6	5.083	6.321
shuff_leb	BMI	844	0.1	1000.0	7.563	8.062
ori_leb	BMI	845	0.1	0.4	4.951	5.533
shuff_leb	BMI	845	0.1	1000.0	7.687	7.588
ori_leb	BMI	846	0.1	0.6	5.047	6.104
shuff_leb	BMI	846	0.1	1000.0	7.491	8.299
ori_leb	BMI	847	0.1	0.4	4.796	6.361
shuff_leb	BMI	847	0.1	1000.0	7.526	8.179
ori_leb	BMI	848	0.1	0.6	5.02	6.263
shuff_leb	BMI	848	0.2	1.0	7.845	7.92
ori_leb	BMI	849	0.1	0.4	4.79	6.119
shuff_leb	BMI	849	0.8	1.0	7.403	8.558
ori_leb	BMI	850	0.1	0.6	4.922	6.443
shuff_leb	BMI	850	0.1	1000.0	7.497	8.318
ori_leb	BMI	851	0.1	0.4	4.707	6.612
shuff_leb	BMI	851	0.1	1000.0	7.551	8.08
ori_leb	BMI	852	0.1	0.4	4.805	5.957
shuff_leb	BMI	852	0.1	1000.0	7.771	7.213
ori_leb	BMI	853	0.1	0.4	4.88	5.57
shuff_leb	BMI	853	0.1	1000.0	7.648	7.71
ori_leb	BMI	854	0.1	0.6	5.163	5.638
shuff_leb	BMI	854	0.1	10.0	7.868	6.81
ori_leb	BMI	855	0.1	0.4	4.725	6.582
shuff_leb	BMI	855	0.1	1000.0	7.602	7.92
ori_leb	BMI	856	0.1	0.6	5.116	5.521
shuff_leb	BMI	856	0.8	1.0	7.937	7.293
ori_leb	BMI	857	0.1	0.6	5.1	6.283
shuff_leb	BMI	857	0.4	1.0	7.572	8.15
ori_leb	BMI	858	0.1	0.6	5.218	5.519
shuff_leb	BMI	858	0.1	1000.0	7.743	7.328
ori_leb	BMI	859	0.1	0.6	4.842	6.952
shuff_leb	BMI	859	0.1	1000.0	7.372	8.726
ori_leb	BMI	860	0.2	0.4	4.78	6.585
shuff_leb	BMI	860	0.9	1.0	7.49	8.362
ori_leb	BMI	861	0.1	0.4	4.819	5.887
shuff_leb	BMI	861	0.1	10.0	7.778	7.197
ori_leb	BMI	862	0.2	0.2	4.486	6.466
shuff_leb	BMI	862	0.1	1000.0	7.654	7.692
ori_leb	BMI	863	0.2	0.4	4.892	6.095
shuff_leb	BMI	863	0.1	1000.0	7.647	7.716
ori_leb	BMI	864	0.1	0.4	4.844	5.606
shuff_leb	BMI	864	0.1	10.0	7.855	6.864
ori_leb	BMI	865	0.1	0.6	4.95	6.614
shuff_leb	BMI	865	0.6	1.0	7.714	8.552
ori_leb	BMI	866	0.1	0.6	5.014	6.493
shuff_leb	BMI	866	0.9	1.0	7.506	8.33
ori_leb	BMI	867	0.1	0.4	4.81	5.918
shuff_leb	BMI	867	0.1	10.0	7.752	7.27
ori_leb	BMI	868	0.1	0.4	4.874	5.882
shuff_leb	BMI	868	0.1	10.0	7.812	7.067
ori_leb	BMI	869	0.1	0.4	4.685	6.521
shuff_leb	BMI	869	0.8	1.0	7.527	8.247
ori_leb	BMI	870	0.2	0.4	4.796	6.219
shuff_leb	BMI	870	0.9	0.6	7.859	7.258
ori_leb	BMI	871	0.1	0.6	5.11	5.978
shuff_leb	BMI	871	0.1	1000.0	7.645	7.721
ori_leb	BMI	872	0.1	0.4	4.701	6.401
shuff_leb	BMI	872	0.1	1000.0	7.393	8.638
ori_leb	BMI	873	0.1	0.4	4.677	6.452
shuff_leb	BMI	873	0.9	0.6	7.704	8.222
ori_leb	BMI	874	0.1	0.6	5.042	6.115
shuff_leb	BMI	874	0.1	1000.0	7.664	7.658
ori_leb	BMI	875	0.1	0.6	5.251	5.032
shuff_leb	BMI	875	0.1	1000.0	7.814	7.024
ori_leb	BMI	876	0.1	0.4	4.725	6.427
shuff_leb	BMI	876	0.9	1.0	7.436	8.506
ori_leb	BMI	877	0.1	0.4	4.831	6.013
shuff_leb	BMI	877	0.1	1000.0	7.597	7.951
ori_leb	BMI	878	0.1	0.6	4.938	6.571
shuff_leb	BMI	878	0.2	1.0	7.651	8.311
ori_leb	BMI	879	0.1	0.4	4.637	6.866
shuff_leb	BMI	879	0.6	1.0	7.313	9.082
ori_leb	BMI	880	0.1	0.6	5.078	5.748
shuff_leb	BMI	880	0.8	1.0	7.954	6.623
ori_leb	BMI	881	0.1	0.6	5.052	5.835
shuff_leb	BMI	881	0.1	1000.0	7.681	7.577
ori_leb	BMI	882	0.1	0.6	4.967	6.803
shuff_leb	BMI	882	0.6	1.0	7.624	7.955
ori_leb	BMI	883	0.1	0.4	4.915	5.829
shuff_leb	BMI	883	0.1	1000.0	7.768	7.238
ori_leb	BMI	884	0.1	0.6	5.04	5.986
shuff_leb	BMI	884	0.1	1000.0	7.686	7.559
ori_leb	BMI	885	0.1	0.4	5.024	5.032
shuff_leb	BMI	885	0.1	1000.0	7.789	7.131
ori_leb	BMI	886	0.1	0.4	4.451	7.465
shuff_leb	BMI	886	0.9	1.0	7.322	9.199
ori_leb	BMI	887	0.1	0.6	4.909	6.507
shuff_leb	BMI	887	0.1	1000.0	7.549	8.088
ori_leb	BMI	888	0.1	0.6	5.158	5.683
shuff_leb	BMI	888	0.1	1000.0	7.654	7.708
ori_leb	BMI	889	0.1	0.4	4.757	6.165
shuff_leb	BMI	889	0.1	1000.0	7.64	7.757
ori_leb	BMI	890	0.1	0.4	4.828	6.059
shuff_leb	BMI	890	0.6	1.0	7.987	6.736
ori_leb	BMI	891	0.1	0.6	5.084	5.66
shuff_leb	BMI	891	0.9	1.0	7.684	7.618
ori_leb	BMI	892	0.1	0.6	5.217	5.114
shuff_leb	BMI	892	0.1	1000.0	7.819	7.007
ori_leb	BMI	893	0.1	0.4	4.868	5.872
shuff_leb	BMI	893	0.2	1.0	7.716	7.726
ori_leb	BMI	894	0.1	0.4	4.745	6.598
shuff_leb	BMI	894	0.1	1000.0	7.403	8.607
ori_leb	BMI	895	0.1	0.6	5.283	4.957
shuff_leb	BMI	895	0.8	1.0	7.829	7.287
ori_leb	BMI	896	0.1	0.4	4.674	6.399
shuff_leb	BMI	896	0.1	10.0	7.632	7.791
ori_leb	BMI	897	0.1	0.4	5.048	4.903
shuff_leb	BMI	897	0.1	1000.0	7.858	6.841
ori_leb	BMI	898	0.1	0.6	5.022	6.142
shuff_leb	BMI	898	0.1	1000.0	7.628	7.788
ori_leb	BMI	899	0.1	0.4	4.937	5.394
shuff_leb	BMI	899	0.1	1000.0	7.763	7.269
ori_leb	BMI	900	0.1	0.6	5.142	5.191
shuff_leb	BMI	900	0.9	0.6	8.08	7.221
ori_leb	BMI	901	0.1	0.6	5.03	6.318
shuff_leb	BMI	901	0.4	1.0	7.545	8.558
ori_leb	BMI	902	0.4	0.4	5.034	5.984
shuff_leb	BMI	902	0.1	1000.0	7.601	7.896
ori_leb	BMI	903	0.1	0.4	4.917	5.468
shuff_leb	BMI	903	0.1	1000.0	7.775	7.213
ori_leb	BMI	904	0.1	0.6	5.274	5.174
shuff_leb	BMI	904	0.1	1000.0	7.674	7.614
ori_leb	BMI	905	0.1	0.6	5.129	5.632
shuff_leb	BMI	905	0.9	0.6	7.969	7.71
ori_leb	BMI	906	0.1	0.6	5.054	6.036
shuff_leb	BMI	906	0.1	1000.0	7.645	7.744
ori_leb	BMI	907	0.1	0.4	4.772	6.394
shuff_leb	BMI	907	0.6	1.0	7.677	8.045
ori_leb	BMI	908	0.1	0.6	4.928	6.554
shuff_leb	BMI	908	0.1	1000.0	7.616	7.836
ori_leb	BMI	909	0.1	0.4	4.901	6.005
shuff_leb	BMI	909	0.1	1000.0	7.645	7.724
ori_leb	BMI	910	0.1	0.4	4.688	6.557
shuff_leb	BMI	910	0.1	1000.0	7.451	8.452
ori_leb	BMI	911	0.1	0.6	5.09	6.064
shuff_leb	BMI	911	0.1	1000.0	7.517	8.225
ori_leb	BMI	912	0.1	0.6	5.011	6.353
shuff_leb	BMI	912	0.1	1000.0	7.459	8.445
ori_leb	BMI	913	0.1	0.4	4.813	5.926
shuff_leb	BMI	913	0.1	10.0	7.768	7.218
ori_leb	BMI	914	0.1	0.4	4.81	5.629
shuff_leb	BMI	914	0.4	1.0	8.029	6.807
ori_leb	BMI	915	0.8	0.2	4.764	6.676
shuff_leb	BMI	915	0.1	1000.0	7.58	7.976
ori_leb	BMI	916	0.1	0.4	4.667	6.425
shuff_leb	BMI	916	0.1	1000.0	7.639	7.746
ori_leb	BMI	917	0.1	0.4	4.676	6.778
shuff_leb	BMI	917	0.1	1000.0	7.367	8.736
ori_leb	BMI	918	0.1	0.4	4.81	6.11
shuff_leb	BMI	918	0.6	1.0	7.844	7.079
ori_leb	BMI	919	0.1	0.6	5.103	5.613
shuff_leb	BMI	919	0.1	1000.0	7.801	7.076
ori_leb	BMI	920	0.1	0.4	4.899	5.664
shuff_leb	BMI	920	0.1	10.0	7.799	7.084
ori_leb	BMI	921	0.1	0.4	4.815	5.895
shuff_leb	BMI	921	0.1	1000.0	7.67	7.622
ori_leb	BMI	922	0.1	0.6	5.14	5.648
shuff_leb	BMI	922	0.1	1000.0	7.755	7.276
ori_leb	BMI	923	0.1	0.4	4.777	6.137
shuff_leb	BMI	923	0.1	1000.0	7.725	7.4
ori_leb	BMI	924	0.1	0.4	5.0	4.936
shuff_leb	BMI	924	0.6	1.0	7.864	7.076
ori_leb	BMI	925	0.1	0.4	4.55	7.111
shuff_leb	BMI	925	0.4	1.0	7.55	8.127
ori_leb	BMI	926	0.2	0.4	4.848	6.127
shuff_leb	BMI	926	0.1	1000.0	7.76	7.258
ori_leb	BMI	927	0.1	0.6	5.273	4.912
shuff_leb	BMI	927	0.8	1.0	7.922	6.675
ori_leb	BMI	928	0.1	0.4	4.958	5.309
shuff_leb	BMI	928	0.1	1000.0	7.672	7.615
ori_leb	BMI	929	0.1	0.6	5.167	5.663
shuff_leb	BMI	929	0.8	1.0	7.724	7.704
ori_leb	BMI	930	0.1	0.4	4.612	7.051
shuff_leb	BMI	930	0.1	1000.0	7.235	9.167
ori_leb	BMI	931	0.1	0.6	5.192	5.673
shuff_leb	BMI	931	0.1	1000.0	7.73	7.385
ori_leb	BMI	932	0.1	0.4	4.758	6.372
shuff_leb	BMI	932	0.1	1000.0	7.692	7.548
ori_leb	BMI	933	0.1	0.4	4.76	6.769
shuff_leb	BMI	933	0.1	10.0	7.487	8.321
ori_leb	BMI	934	0.1	0.6	5.261	4.92
shuff_leb	BMI	934	0.1	1000.0	7.869	6.772
ori_leb	BMI	935	0.1	0.6	5.135	5.347
shuff_leb	BMI	935	0.1	1000.0	7.775	7.21
ori_leb	BMI	936	0.1	0.4	4.613	6.934
shuff_leb	BMI	936	0.1	10.0	7.331	8.849
ori_leb	BMI	937	0.1	0.4	4.808	5.95
shuff_leb	BMI	937	0.9	1.0	7.825	7.034
ori_leb	BMI	938	0.1	0.4	4.854	5.932
shuff_leb	BMI	938	0.1	1000.0	7.621	7.814
ori_leb	BMI	939	0.1	0.6	5.27	5.389
shuff_leb	BMI	939	0.1	10.0	7.758	7.267
ori_leb	BMI	940	0.1	0.6	5.148	5.964
shuff_leb	BMI	940	0.1	1000.0	7.697	7.517
ori_leb	BMI	941	0.1	0.4	4.737	6.6
shuff_leb	BMI	941	0.6	1.0	7.497	8.706
ori_leb	BMI	942	0.1	0.6	5.128	6.188
shuff_leb	BMI	942	0.6	1.0	7.668	7.64
ori_leb	BMI	943	0.1	0.4	4.639	6.726
shuff_leb	BMI	943	0.1	1000.0	7.503	8.259
ori_leb	BMI	944	0.1	0.6	5.02	5.78
shuff_leb	BMI	944	0.9	1.0	7.741	7.451
ori_leb	BMI	945	0.1	0.6	4.971	6.602
shuff_leb	BMI	945	0.1	1000.0	7.566	8.031
ori_leb	BMI	946	0.1	0.4	4.855	6.235
shuff_leb	BMI	946	0.1	1000.0	7.684	7.579
ori_leb	BMI	947	0.1	0.6	5.08	5.672
shuff_leb	BMI	947	0.1	1000.0	7.854	6.856
ori_leb	BMI	948	0.1	0.4	4.709	6.458
shuff_leb	BMI	948	0.1	10.0	7.659	7.668
ori_leb	BMI	949	0.1	0.6	5.175	5.324
shuff_leb	BMI	949	0.4	1.0	7.852	7.416
ori_leb	BMI	950	0.1	0.4	4.871	6.0
shuff_leb	BMI	950	0.1	1000.0	7.891	6.67
ori_leb	BMI	951	0.4	0.4	5.099	5.885
shuff_leb	BMI	951	0.1	1000.0	7.691	7.582
ori_leb	BMI	952	0.2	0.4	4.938	5.737
shuff_leb	BMI	952	0.1	1000.0	7.664	7.658
ori_leb	BMI	953	0.1	0.4	4.609	6.971
shuff_leb	BMI	953	0.9	1.0	7.339	9.085
ori_leb	BMI	954	0.1	0.4	4.654	6.514
shuff_leb	BMI	954	0.4	1.0	7.69	7.938
ori_leb	BMI	955	0.1	0.4	4.88	5.538
shuff_leb	BMI	955	0.9	1.0	7.82	7.096
ori_leb	BMI	956	0.1	0.6	5.124	5.65
shuff_leb	BMI	956	0.9	1.0	7.8	7.138
ori_leb	BMI	957	0.1	0.6	5.145	5.732
shuff_leb	BMI	957	0.1	1000.0	7.718	7.438
ori_leb	BMI	958	0.1	0.6	5.172	5.412
shuff_leb	BMI	958	0.6	1.0	7.747	7.61
ori_leb	BMI	959	0.1	0.6	4.921	6.803
shuff_leb	BMI	959	0.1	10.0	7.254	9.089
ori_leb	BMI	960	0.1	0.4	4.831	6.19
shuff_leb	BMI	960	0.1	1000.0	7.685	7.565
ori_leb	BMI	961	0.1	0.4	4.86	5.627
shuff_leb	BMI	961	0.1	1000.0	7.807	7.067
ori_leb	BMI	962	0.1	0.4	4.88	5.831
shuff_leb	BMI	962	0.8	1.0	7.732	7.65
ori_leb	BMI	963	0.1	0.4	4.886	5.394
shuff_leb	BMI	963	0.4	1.0	7.908	7.14
ori_leb	BMI	964	0.1	0.6	5.101	5.911
shuff_leb	BMI	964	0.8	1.0	7.738	7.715
ori_leb	BMI	965	0.1	0.4	4.893	5.416
shuff_leb	BMI	965	0.1	10.0	7.876	6.744
ori_leb	BMI	966	0.2	0.4	4.845	6.267
shuff_leb	BMI	966	0.1	1000.0	7.508	8.242
ori_leb	BMI	967	0.1	0.4	4.839	6.077
shuff_leb	BMI	967	0.1	1000.0	7.608	7.883
ori_leb	BMI	968	0.1	0.4	4.422	7.521
shuff_leb	BMI	968	0.1	10.0	7.248	9.196
ori_leb	BMI	969	0.1	0.4	4.788	6.643
shuff_leb	BMI	969	0.1	1000.0	7.596	7.922
ori_leb	BMI	970	0.1	0.4	4.715	6.206
shuff_leb	BMI	970	0.9	1.0	7.762	7.377
ori_leb	BMI	971	0.1	0.6	5.127	6.204
shuff_leb	BMI	971	0.1	1000.0	7.427	8.525
ori_leb	BMI	972	0.1	0.4	4.849	6.236
shuff_leb	BMI	972	0.1	1000.0	7.627	7.792
ori_leb	BMI	973	0.1	0.4	4.777	6.195
shuff_leb	BMI	973	0.9	1.0	7.456	8.309
ori_leb	BMI	974	0.1	0.6	4.945	6.744
shuff_leb	BMI	974	0.2	1.0	7.549	8.604
ori_leb	BMI	975	0.1	0.4	4.87	5.963
shuff_leb	BMI	975	0.1	1000.0	7.793	7.145
ori_leb	BMI	976	0.1	0.4	4.862	5.736
shuff_leb	BMI	976	0.1	1000.0	7.678	7.593
ori_leb	BMI	977	0.1	0.4	4.862	6.004
shuff_leb	BMI	977	0.1	1000.0	7.541	8.128
ori_leb	BMI	978	0.1	0.6	5.107	5.903
shuff_leb	BMI	978	0.1	1000.0	7.658	7.671
ori_leb	BMI	979	0.1	0.4	4.904	6.158
shuff_leb	BMI	979	0.1	1000.0	7.655	7.693
ori_leb	BMI	980	0.1	0.6	5.215	5.321
shuff_leb	BMI	980	0.1	10.0	7.921	6.546
ori_leb	BMI	981	0.1	0.4	4.948	5.862
shuff_leb	BMI	981	0.8	1.0	7.591	7.846
ori_leb	BMI	982	0.1	0.4	4.966	5.232
shuff_leb	BMI	982	0.1	1000.0	7.829	6.958
ori_leb	BMI	983	0.1	0.6	5.094	6.017
shuff_leb	BMI	983	0.8	1.0	7.851	6.976
ori_leb	BMI	984	0.1	0.4	4.986	5.15
shuff_leb	BMI	984	0.1	1000.0	7.791	7.125
ori_leb	BMI	985	0.1	0.6	5.121	5.589
shuff_leb	BMI	985	0.1	1000.0	7.739	7.341
ori_leb	BMI	986	0.1	0.6	5.089	5.901
shuff_leb	BMI	986	0.6	1.0	7.601	7.748
ori_leb	BMI	987	0.1	0.4	4.866	5.683
shuff_leb	BMI	987	0.1	1000.0	7.615	7.839
ori_leb	BMI	988	0.1	0.6	5.09	6.369
shuff_leb	BMI	988	0.4	1.0	7.729	8.017
ori_leb	BMI	989	0.1	0.6	5.091	5.887
shuff_leb	BMI	989	0.6	1.0	7.761	7.728
ori_leb	BMI	990	0.1	0.6	5.177	5.196
shuff_leb	BMI	990	0.1	1000.0	7.907	6.598
ori_leb	BMI	991	0.1	0.4	4.686	6.53
shuff_leb	BMI	991	0.4	1.0	7.464	8.664
ori_leb	BMI	992	0.1	0.4	4.834	5.699
shuff_leb	BMI	992	0.1	1000.0	7.845	6.892
ori_leb	BMI	993	0.1	0.4	4.729	6.17
shuff_leb	BMI	993	0.1	10.0	7.791	7.127
ori_leb	BMI	994	0.1	0.4	4.703	6.36
shuff_leb	BMI	994	0.8	1.0	7.478	8.443
ori_leb	BMI	995	0.1	0.4	4.933	5.74
shuff_leb	BMI	995	0.8	1.0	7.581	7.995
ori_leb	BMI	996	0.1	0.4	4.785	6.003
shuff_leb	BMI	996	0.1	1000.0	7.686	7.56
ori_leb	BMI	997	0.1	0.4	4.837	5.842
shuff_leb	BMI	997	0.9	1.0	7.769	7.268
ori_leb	BMI	998	0.1	0.6	5.048	6.354
shuff_leb	BMI	998	0.1	1000.0	7.433	8.509
ori_leb	BMI	999	0.1	0.4	4.705	6.45
shuff_leb	BMI	999	0.1	1000.0	7.459	8.414
